experiment_group,result_root,subject,dimension,fold,test_accuracy,test_loss,best_test_accuracy,best_test_loss,best_epoch,true_count_0,true_count_1,pred_count_0,pred_count_1,best_pred_count_0,best_pred_count_1,disable_dropout,train_keep_prob,standardize,train_phase_train,use_channel_attention,use_self_attention,source_csv
ablation_s01_s08,no_both,s01,arousal,1,0.9624999761581421,0.1043519675731659,0.9624999761581421,0.17960911989212036,150,34,46,33,47,33,47,0,0.5,0,0,0,0,experiments/ablation_s01_s08/no_both/arousal/s01_summary.csv
ablation_s01_s08,no_both,s01,arousal,2,0.9624999761581421,0.08955095708370209,0.987500011920929,0.07664700597524643,140,40,40,39,41,41,39,0,0.5,0,0,0,0,experiments/ablation_s01_s08/no_both/arousal/s01_summary.csv
ablation_s01_s08,no_both,s01,arousal,3,1.0,0.013223066926002502,1.0,0.07397662103176117,157,25,55,25,55,25,55,0,0.5,0,0,0,0,experiments/ablation_s01_s08/no_both/arousal/s01_summary.csv
ablation_s01_s08,no_both,s01,arousal,4,0.9750000238418579,0.05386579781770706,1.0,0.028291907161474228,196,34,46,32,48,34,46,0,0.5,0,0,0,0,experiments/ablation_s01_s08/no_both/arousal/s01_summary.csv
ablation_s01_s08,no_both,s01,arousal,5,0.9750000238418579,0.07599031180143356,1.0,0.017985878512263298,197,37,43,39,41,37,43,0,0.5,0,0,0,0,experiments/ablation_s01_s08/no_both/arousal/s01_summary.csv
ablation_s01_s08,no_both,s01,arousal,6,0.987500011920929,0.053848445415496826,0.987500011920929,0.07844182848930359,178,30,50,31,49,29,51,0,0.5,0,0,0,0,experiments/ablation_s01_s08/no_both/arousal/s01_summary.csv
ablation_s01_s08,no_both,s01,arousal,7,0.9624999761581421,0.08740348368883133,0.9750000238418579,0.0824599415063858,183,27,53,26,54,25,55,0,0.5,0,0,0,0,experiments/ablation_s01_s08/no_both/arousal/s01_summary.csv
ablation_s01_s08,no_both,s01,arousal,8,0.949999988079071,0.19429618120193481,0.9624999761581421,0.18475459516048431,186,37,43,35,45,36,44,0,0.5,0,0,0,0,experiments/ablation_s01_s08/no_both/arousal/s01_summary.csv
ablation_s01_s08,no_both,s01,arousal,9,0.9750000238418579,0.1048738956451416,0.987500011920929,0.10094895958900452,192,27,53,27,53,26,54,0,0.5,0,0,0,0,experiments/ablation_s01_s08/no_both/arousal/s01_summary.csv
ablation_s01_s08,no_both,s01,arousal,10,1.0,0.031090131029486656,1.0,0.06788280606269836,155,29,51,29,51,29,51,0,0.5,0,0,0,0,experiments/ablation_s01_s08/no_both/arousal/s01_summary.csv
ablation_s01_s08,no_both,s02,arousal,1,0.8999999761581421,0.23031780123710632,0.9125000238418579,0.24568407237529755,197,19,61,25,55,22,58,0,0.5,0,0,0,0,experiments/ablation_s01_s08/no_both/arousal/s02_summary.csv
ablation_s01_s08,no_both,s02,arousal,2,0.8999999761581421,0.33695870637893677,0.9125000238418579,0.32003843784332275,199,35,45,33,47,32,48,0,0.5,0,0,0,0,experiments/ablation_s01_s08/no_both/arousal/s02_summary.csv
ablation_s01_s08,no_both,s02,arousal,3,0.8624999523162842,0.32270491123199463,0.875,0.3783237934112549,168,30,50,25,55,26,54,0,0.5,0,0,0,0,experiments/ablation_s01_s08/no_both/arousal/s02_summary.csv
ablation_s01_s08,no_both,s02,arousal,4,0.8125,0.5074840188026428,0.8125,0.5074840188026428,200,40,40,43,37,43,37,0,0.5,0,0,0,0,experiments/ablation_s01_s08/no_both/arousal/s02_summary.csv
ablation_s01_s08,no_both,s02,arousal,5,0.7999999523162842,0.43925797939300537,0.862500011920929,0.37043410539627075,198,36,44,50,30,45,35,0,0.5,0,0,0,0,experiments/ablation_s01_s08/no_both/arousal/s02_summary.csv
ablation_s01_s08,no_both,s02,arousal,6,0.824999988079071,0.3919640779495239,0.875,0.44777384400367737,170,32,48,18,62,32,48,0,0.5,0,0,0,0,experiments/ablation_s01_s08/no_both/arousal/s02_summary.csv
ablation_s01_s08,no_both,s02,arousal,7,0.8500000238418579,0.3966849446296692,0.875,0.35225772857666016,194,26,54,28,52,26,54,0,0.5,0,0,0,0,experiments/ablation_s01_s08/no_both/arousal/s02_summary.csv
ablation_s01_s08,no_both,s02,arousal,8,0.7625000476837158,0.4744040369987488,0.8500000238418579,0.49698615074157715,176,29,51,36,44,25,55,0,0.5,0,0,0,0,experiments/ablation_s01_s08/no_both/arousal/s02_summary.csv
ablation_s01_s08,no_both,s02,arousal,9,0.8250000476837158,0.45475688576698303,0.8374999761581421,0.5876058340072632,119,28,52,22,58,15,65,0,0.5,0,0,0,0,experiments/ablation_s01_s08/no_both/arousal/s02_summary.csv
ablation_s01_s08,no_both,s02,arousal,10,0.75,0.7496444582939148,0.7999999523162842,0.5826588273048401,165,45,35,39,41,49,31,0,0.5,0,0,0,0,experiments/ablation_s01_s08/no_both/arousal/s02_summary.csv
ablation_s01_s08,no_both,s03,arousal,1,1.0,0.003404413815587759,1.0,0.051508620381355286,138,65,15,65,15,65,15,0,0.5,0,0,0,0,experiments/ablation_s01_s08/no_both/arousal/s03_summary.csv
ablation_s01_s08,no_both,s03,arousal,2,0.9750000238418579,0.1794673204421997,0.987500011920929,0.1076502725481987,198,72,8,74,6,73,7,0,0.5,0,0,0,0,experiments/ablation_s01_s08/no_both/arousal/s03_summary.csv
ablation_s01_s08,no_both,s03,arousal,3,0.949999988079071,0.2599196434020996,0.9750000238418579,0.21120798587799072,119,54,26,58,22,56,24,0,0.5,0,0,0,0,experiments/ablation_s01_s08/no_both/arousal/s03_summary.csv
ablation_s01_s08,no_both,s03,arousal,4,0.9624999761581421,0.18861794471740723,0.9750000238418579,0.08301319926977158,160,64,16,67,13,66,14,0,0.5,0,0,0,0,experiments/ablation_s01_s08/no_both/arousal/s03_summary.csv
ablation_s01_s08,no_both,s03,arousal,5,0.949999988079071,0.22338064014911652,0.987500011920929,0.1002407968044281,172,63,17,67,13,64,16,0,0.5,0,0,0,0,experiments/ablation_s01_s08/no_both/arousal/s03_summary.csv
ablation_s01_s08,no_both,s03,arousal,6,0.987500011920929,0.04632475972175598,0.987500011920929,0.044785432517528534,139,72,8,73,7,73,7,0,0.5,0,0,0,0,experiments/ablation_s01_s08/no_both/arousal/s03_summary.csv
ablation_s01_s08,no_both,s03,arousal,7,1.0,0.007014915347099304,1.0,0.0978909432888031,128,64,16,64,16,64,16,0,0.5,0,0,0,0,experiments/ablation_s01_s08/no_both/arousal/s03_summary.csv
ablation_s01_s08,no_both,s03,arousal,8,0.987500011920929,0.12243303656578064,0.987500011920929,0.1415315568447113,118,65,15,66,14,66,14,0,0.5,0,0,0,0,experiments/ablation_s01_s08/no_both/arousal/s03_summary.csv
ablation_s01_s08,no_both,s03,arousal,9,0.8999999761581421,0.5882593393325806,0.9500000476837158,0.240412175655365,178,63,17,71,9,67,13,0,0.5,0,0,0,0,experiments/ablation_s01_s08/no_both/arousal/s03_summary.csv
ablation_s01_s08,no_both,s03,arousal,10,0.949999988079071,0.37589702010154724,0.949999988079071,0.22794285416603088,154,58,22,62,18,62,18,0,0.5,0,0,0,0,experiments/ablation_s01_s08/no_both/arousal/s03_summary.csv
ablation_s01_s08,no_both,s04,arousal,1,0.7374999523162842,0.556000292301178,0.8374999761581421,0.42255496978759766,194,49,31,34,46,54,26,0,0.5,0,0,0,0,experiments/ablation_s01_s08/no_both/arousal/s04_summary.csv
ablation_s01_s08,no_both,s04,arousal,2,0.8125,0.4742264151573181,0.862500011920929,0.41110843420028687,147,47,33,48,32,54,26,0,0.5,0,0,0,0,experiments/ablation_s01_s08/no_both/arousal/s04_summary.csv
ablation_s01_s08,no_both,s04,arousal,3,0.824999988079071,0.4341696798801422,0.8624999523162842,0.4162743091583252,166,44,36,42,38,47,33,0,0.5,0,0,0,0,experiments/ablation_s01_s08/no_both/arousal/s04_summary.csv
ablation_s01_s08,no_both,s04,arousal,4,0.875,0.3097664415836334,0.9249999523162842,0.28145965933799744,180,51,29,45,35,49,31,0,0.5,0,0,0,0,experiments/ablation_s01_s08/no_both/arousal/s04_summary.csv
ablation_s01_s08,no_both,s04,arousal,5,0.7999999523162842,0.42475929856300354,0.8500000238418579,0.4189968705177307,183,44,36,44,36,42,38,0,0.5,0,0,0,0,experiments/ablation_s01_s08/no_both/arousal/s04_summary.csv
ablation_s01_s08,no_both,s04,arousal,6,0.875,0.3600422143936157,0.9124999642372131,0.375644326210022,157,45,35,47,33,48,32,0,0.5,0,0,0,0,experiments/ablation_s01_s08/no_both/arousal/s04_summary.csv
ablation_s01_s08,no_both,s04,arousal,7,0.8999999761581421,0.2965851426124573,0.9375,0.2660287320613861,166,46,34,46,34,49,31,0,0.5,0,0,0,0,experiments/ablation_s01_s08/no_both/arousal/s04_summary.csv
ablation_s01_s08,no_both,s04,arousal,8,0.8374999761581421,0.28711986541748047,0.875,0.46147269010543823,188,55,25,56,24,63,17,0,0.5,0,0,0,0,experiments/ablation_s01_s08/no_both/arousal/s04_summary.csv
ablation_s01_s08,no_both,s04,arousal,9,0.887499988079071,0.279695987701416,0.9249999523162842,0.2959367334842682,180,49,31,50,30,47,33,0,0.5,0,0,0,0,experiments/ablation_s01_s08/no_both/arousal/s04_summary.csv
ablation_s01_s08,no_both,s04,arousal,10,0.8374999761581421,0.3940342962741852,0.887499988079071,0.361599326133728,182,50,30,43,37,47,33,0,0.5,0,0,0,0,experiments/ablation_s01_s08/no_both/arousal/s04_summary.csv
ablation_s01_s08,no_both,s05,arousal,1,0.8374999761581421,0.314198762178421,0.9125000238418579,0.295244038105011,194,42,38,29,51,41,39,0,0.5,0,0,0,0,experiments/ablation_s01_s08/no_both/arousal/s05_summary.csv
ablation_s01_s08,no_both,s05,arousal,2,0.7749999761581421,0.4217720627784729,0.8999999761581421,0.43434134125709534,189,42,38,34,46,48,32,0,0.5,0,0,0,0,experiments/ablation_s01_s08/no_both/arousal/s05_summary.csv
ablation_s01_s08,no_both,s05,arousal,3,0.8875000476837158,0.2715376615524292,0.9125000238418579,0.33141255378723145,170,46,34,47,33,45,35,0,0.5,0,0,0,0,experiments/ablation_s01_s08/no_both/arousal/s05_summary.csv
ablation_s01_s08,no_both,s05,arousal,4,0.887499988079071,0.2569131851196289,0.9124999642372131,0.2787422239780426,197,44,36,43,37,41,39,0,0.5,0,0,0,0,experiments/ablation_s01_s08/no_both/arousal/s05_summary.csv
ablation_s01_s08,no_both,s05,arousal,5,0.862500011920929,0.3716509938240051,0.875,0.4857296049594879,172,42,38,49,31,40,40,0,0.5,0,0,0,0,experiments/ablation_s01_s08/no_both/arousal/s05_summary.csv
ablation_s01_s08,no_both,s05,arousal,6,0.8500000238418579,0.3217000961303711,0.8999999761581421,0.29953646659851074,190,40,40,46,34,42,38,0,0.5,0,0,0,0,experiments/ablation_s01_s08/no_both/arousal/s05_summary.csv
ablation_s01_s08,no_both,s05,arousal,7,0.824999988079071,0.46584242582321167,0.862500011920929,0.48137831687927246,199,36,44,48,32,39,41,0,0.5,0,0,0,0,experiments/ablation_s01_s08/no_both/arousal/s05_summary.csv
ablation_s01_s08,no_both,s05,arousal,8,0.7875000238418579,0.46363013982772827,0.8125,0.5112144947052002,199,41,39,38,42,54,26,0,0.5,0,0,0,0,experiments/ablation_s01_s08/no_both/arousal/s05_summary.csv
ablation_s01_s08,no_both,s05,arousal,9,0.9249999523162842,0.20296388864517212,0.949999988079071,0.34566861391067505,143,46,34,42,38,46,34,0,0.5,0,0,0,0,experiments/ablation_s01_s08/no_both/arousal/s05_summary.csv
ablation_s01_s08,no_both,s05,arousal,10,0.6625000238418579,0.5670113563537598,0.8624999523162842,0.41387230157852173,199,41,39,14,66,36,44,0,0.5,0,0,0,0,experiments/ablation_s01_s08/no_both/arousal/s05_summary.csv
ablation_s01_s08,no_both,s06,arousal,1,0.8249999284744263,0.45153605937957764,0.8374999761581421,0.3913077414035797,189,48,32,36,44,43,37,0,0.5,0,0,0,0,experiments/ablation_s01_s08/no_both/arousal/s06_summary.csv
ablation_s01_s08,no_both,s06,arousal,2,0.8374999761581421,0.3830432891845703,0.8500000238418579,0.3922298550605774,198,47,33,40,40,45,35,0,0.5,0,0,0,0,experiments/ablation_s01_s08/no_both/arousal/s06_summary.csv
ablation_s01_s08,no_both,s06,arousal,3,0.8374999761581421,0.36389705538749695,0.9125000238418579,0.3230620324611664,172,51,29,44,36,50,30,0,0.5,0,0,0,0,experiments/ablation_s01_s08/no_both/arousal/s06_summary.csv
ablation_s01_s08,no_both,s06,arousal,4,0.8500000238418579,0.2955652177333832,0.887499988079071,0.28278279304504395,189,50,30,48,32,49,31,0,0.5,0,0,0,0,experiments/ablation_s01_s08/no_both/arousal/s06_summary.csv
ablation_s01_s08,no_both,s06,arousal,5,0.9124999642372131,0.31968528032302856,0.9249999523162842,0.29113855957984924,187,40,40,37,43,38,42,0,0.5,0,0,0,0,experiments/ablation_s01_s08/no_both/arousal/s06_summary.csv
ablation_s01_s08,no_both,s06,arousal,6,0.824999988079071,0.36243996024131775,0.887499988079071,0.3399484157562256,194,40,40,30,50,35,45,0,0.5,0,0,0,0,experiments/ablation_s01_s08/no_both/arousal/s06_summary.csv
ablation_s01_s08,no_both,s06,arousal,7,0.887499988079071,0.24584415555000305,0.925000011920929,0.2243981659412384,197,47,33,38,42,43,37,0,0.5,0,0,0,0,experiments/ablation_s01_s08/no_both/arousal/s06_summary.csv
ablation_s01_s08,no_both,s06,arousal,8,0.875,0.291688472032547,0.8999999761581421,0.30382561683654785,196,47,33,41,39,43,37,0,0.5,0,0,0,0,experiments/ablation_s01_s08/no_both/arousal/s06_summary.csv
ablation_s01_s08,no_both,s06,arousal,9,0.8375000357627869,0.38118839263916016,0.8500000238418579,0.3901204764842987,194,43,37,34,46,35,45,0,0.5,0,0,0,0,experiments/ablation_s01_s08/no_both/arousal/s06_summary.csv
ablation_s01_s08,no_both,s06,arousal,10,0.9124999642372131,0.2201697677373886,0.9624999761581421,0.21321430802345276,195,47,33,48,32,48,32,0,0.5,0,0,0,0,experiments/ablation_s01_s08/no_both/arousal/s06_summary.csv
ablation_s01_s08,no_both,s07,arousal,1,0.9624999761581421,0.12146371603012085,0.9750000238418579,0.16752131283283234,183,22,58,23,57,20,60,0,0.5,0,0,0,0,experiments/ablation_s01_s08/no_both/arousal/s07_summary.csv
ablation_s01_s08,no_both,s07,arousal,2,0.9375,0.24661049246788025,0.949999988079071,0.23430761694908142,199,33,47,32,48,31,49,0,0.5,0,0,0,0,experiments/ablation_s01_s08/no_both/arousal/s07_summary.csv
ablation_s01_s08,no_both,s07,arousal,3,0.9375,0.18534408509731293,0.9500000476837158,0.2198764681816101,190,33,47,32,48,33,47,0,0.5,0,0,0,0,experiments/ablation_s01_s08/no_both/arousal/s07_summary.csv
ablation_s01_s08,no_both,s07,arousal,4,0.9124999642372131,0.2916575074195862,0.9249999523162842,0.2737760841846466,179,26,54,21,59,22,58,0,0.5,0,0,0,0,experiments/ablation_s01_s08/no_both/arousal/s07_summary.csv
ablation_s01_s08,no_both,s07,arousal,5,0.9375,0.16065159440040588,0.9750000238418579,0.1396695375442505,184,27,53,30,50,25,55,0,0.5,0,0,0,0,experiments/ablation_s01_s08/no_both/arousal/s07_summary.csv
ablation_s01_s08,no_both,s07,arousal,6,0.925000011920929,0.1602390855550766,0.9375,0.2627149224281311,150,29,51,27,53,32,48,0,0.5,0,0,0,0,experiments/ablation_s01_s08/no_both/arousal/s07_summary.csv
ablation_s01_s08,no_both,s07,arousal,7,0.9125000238418579,0.2231214940547943,0.925000011920929,0.24301689863204956,183,33,47,34,46,37,43,0,0.5,0,0,0,0,experiments/ablation_s01_s08/no_both/arousal/s07_summary.csv
ablation_s01_s08,no_both,s07,arousal,8,0.925000011920929,0.22980231046676636,0.9375,0.2330280840396881,162,30,50,28,52,29,51,0,0.5,0,0,0,0,experiments/ablation_s01_s08/no_both/arousal/s07_summary.csv
ablation_s01_s08,no_both,s07,arousal,9,0.8250000476837158,0.41028833389282227,0.9375,0.27852851152420044,187,35,45,21,59,32,48,0,0.5,0,0,0,0,experiments/ablation_s01_s08/no_both/arousal/s07_summary.csv
ablation_s01_s08,no_both,s07,arousal,10,0.9624999761581421,0.11906062811613083,0.9750000238418579,0.21182405948638916,162,32,48,31,49,30,50,0,0.5,0,0,0,0,experiments/ablation_s01_s08/no_both/arousal/s07_summary.csv
ablation_s01_s08,no_both,s08,arousal,1,0.9500000476837158,0.1834079474210739,0.9750000238418579,0.24085170030593872,132,41,39,39,41,39,41,0,0.5,0,0,0,0,experiments/ablation_s01_s08/no_both/arousal/s08_summary.csv
ablation_s01_s08,no_both,s08,arousal,2,0.9125000238418579,0.23678216338157654,0.9624999761581421,0.159927636384964,196,32,48,39,41,29,51,0,0.5,0,0,0,0,experiments/ablation_s01_s08/no_both/arousal/s08_summary.csv
ablation_s01_s08,no_both,s08,arousal,3,0.9624999761581421,0.057729270309209824,0.987500011920929,0.04045660421252251,175,33,47,32,48,32,48,0,0.5,0,0,0,0,experiments/ablation_s01_s08/no_both/arousal/s08_summary.csv
ablation_s01_s08,no_both,s08,arousal,4,0.9375,0.12782500684261322,0.9624999761581421,0.12368471920490265,187,28,52,27,53,31,49,0,0.5,0,0,0,0,experiments/ablation_s01_s08/no_both/arousal/s08_summary.csv
ablation_s01_s08,no_both,s08,arousal,5,0.9375,0.1971721351146698,0.9624999761581421,0.17170298099517822,178,36,44,33,47,37,43,0,0.5,0,0,0,0,experiments/ablation_s01_s08/no_both/arousal/s08_summary.csv
ablation_s01_s08,no_both,s08,arousal,6,0.9249999523162842,0.24086245894432068,0.949999988079071,0.1774616837501526,190,29,51,27,53,25,55,0,0.5,0,0,0,0,experiments/ablation_s01_s08/no_both/arousal/s08_summary.csv
ablation_s01_s08,no_both,s08,arousal,7,0.9750000238418579,0.10599074512720108,0.9750000238418579,0.10599074512720108,200,40,40,42,38,42,38,0,0.5,0,0,0,0,experiments/ablation_s01_s08/no_both/arousal/s08_summary.csv
ablation_s01_s08,no_both,s08,arousal,8,0.9624999761581421,0.125711128115654,0.9624999761581421,0.15672431886196136,177,25,55,26,54,26,54,0,0.5,0,0,0,0,experiments/ablation_s01_s08/no_both/arousal/s08_summary.csv
ablation_s01_s08,no_both,s08,arousal,9,0.9624999761581421,0.10598862171173096,0.9750000238418579,0.09417484700679779,166,35,45,32,48,37,43,0,0.5,0,0,0,0,experiments/ablation_s01_s08/no_both/arousal/s08_summary.csv
ablation_s01_s08,no_both,s08,arousal,10,0.9375,0.11616000533103943,0.9624999761581421,0.15802471339702606,154,41,39,38,42,38,42,0,0.5,0,0,0,0,experiments/ablation_s01_s08/no_both/arousal/s08_summary.csv
ablation_s01_s08,no_both,s01,valence,1,1.0,0.01831734925508499,1.0,0.049580320715904236,165,41,39,41,39,41,39,0,0.5,0,0,0,0,experiments/ablation_s01_s08/no_both/valence/s01_summary.csv
ablation_s01_s08,no_both,s01,valence,2,0.9624999761581421,0.14593923091888428,0.9750000238418579,0.15446403622627258,185,47,33,48,32,49,31,0,0.5,0,0,0,0,experiments/ablation_s01_s08/no_both/valence/s01_summary.csv
ablation_s01_s08,no_both,s01,valence,3,0.949999988079071,0.2533917725086212,0.9624999761581421,0.16289089620113373,179,34,46,36,44,35,45,0,0.5,0,0,0,0,experiments/ablation_s01_s08/no_both/valence/s01_summary.csv
ablation_s01_s08,no_both,s01,valence,4,1.0,0.028250500559806824,1.0,0.04620251804590225,181,43,37,43,37,43,37,0,0.5,0,0,0,0,experiments/ablation_s01_s08/no_both/valence/s01_summary.csv
ablation_s01_s08,no_both,s01,valence,5,0.9624999761581421,0.09235456585884094,0.987500011920929,0.04123120754957199,192,40,40,37,43,41,39,0,0.5,0,0,0,0,experiments/ablation_s01_s08/no_both/valence/s01_summary.csv
ablation_s01_s08,no_both,s01,valence,6,0.9624999761581421,0.11045278608798981,0.9624999761581421,0.15934891998767853,181,43,37,40,40,40,40,0,0.5,0,0,0,0,experiments/ablation_s01_s08/no_both/valence/s01_summary.csv
ablation_s01_s08,no_both,s01,valence,7,0.9624999761581421,0.09614279121160507,0.9750000238418579,0.11940743029117584,157,37,43,36,44,37,43,0,0.5,0,0,0,0,experiments/ablation_s01_s08/no_both/valence/s01_summary.csv
ablation_s01_s08,no_both,s01,valence,8,0.9750000238418579,0.0400991290807724,0.987500011920929,0.060092076659202576,187,42,38,42,38,43,37,0,0.5,0,0,0,0,experiments/ablation_s01_s08/no_both/valence/s01_summary.csv
ablation_s01_s08,no_both,s01,valence,9,0.9375,0.15785649418830872,0.9624999761581421,0.13369250297546387,164,47,33,42,38,46,34,0,0.5,0,0,0,0,experiments/ablation_s01_s08/no_both/valence/s01_summary.csv
ablation_s01_s08,no_both,s01,valence,10,0.9624999761581421,0.07493370026350021,0.9750000238418579,0.07972177863121033,178,46,34,45,35,46,34,0,0.5,0,0,0,0,experiments/ablation_s01_s08/no_both/valence/s01_summary.csv
ablation_s01_s08,no_both,s02,valence,1,0.8125,0.4485287368297577,0.8999999761581421,0.45025840401649475,186,38,42,27,53,40,40,0,0.5,0,0,0,0,experiments/ablation_s01_s08/no_both/valence/s02_summary.csv
ablation_s01_s08,no_both,s02,valence,2,0.7999999523162842,0.4305734634399414,0.8374999761581421,0.399732768535614,198,40,40,46,34,43,37,0,0.5,0,0,0,0,experiments/ablation_s01_s08/no_both/valence/s02_summary.csv
ablation_s01_s08,no_both,s02,valence,3,0.800000011920929,0.508948028087616,0.800000011920929,0.508948028087616,200,41,39,43,37,43,37,0,0.5,0,0,0,0,experiments/ablation_s01_s08/no_both/valence/s02_summary.csv
ablation_s01_s08,no_both,s02,valence,4,0.862500011920929,0.3424580693244934,0.862500011920929,0.39191365242004395,184,36,44,41,39,39,41,0,0.5,0,0,0,0,experiments/ablation_s01_s08/no_both/valence/s02_summary.csv
ablation_s01_s08,no_both,s02,valence,5,0.7875000238418579,0.4491240382194519,0.8374999761581421,0.4693777561187744,186,43,37,30,50,38,42,0,0.5,0,0,0,0,experiments/ablation_s01_s08/no_both/valence/s02_summary.csv
ablation_s01_s08,no_both,s02,valence,6,0.762499988079071,0.5304411053657532,0.7749999761581421,0.579696774482727,189,35,45,36,44,37,43,0,0.5,0,0,0,0,experiments/ablation_s01_s08/no_both/valence/s02_summary.csv
ablation_s01_s08,no_both,s02,valence,7,0.8125,0.34971708059310913,0.875,0.38975656032562256,185,28,52,35,45,26,54,0,0.5,0,0,0,0,experiments/ablation_s01_s08/no_both/valence/s02_summary.csv
ablation_s01_s08,no_both,s02,valence,8,0.800000011920929,0.5002579689025879,0.8250000476837158,0.49814918637275696,195,33,47,25,55,21,59,0,0.5,0,0,0,0,experiments/ablation_s01_s08/no_both/valence/s02_summary.csv
ablation_s01_s08,no_both,s02,valence,9,0.5750000476837158,0.6411649584770203,0.5750000476837158,0.6913123726844788,1,34,46,0,80,0,80,0,0.5,0,0,0,0,experiments/ablation_s01_s08/no_both/valence/s02_summary.csv
ablation_s01_s08,no_both,s02,valence,10,0.7875000238418579,0.5127251148223877,0.800000011920929,0.5805124044418335,169,32,48,23,57,26,54,0,0.5,0,0,0,0,experiments/ablation_s01_s08/no_both/valence/s02_summary.csv
ablation_s01_s08,no_both,s03,valence,1,0.9624999761581421,0.06939499080181122,0.987500011920929,0.09710545092821121,171,37,43,38,42,38,42,0,0.5,0,0,0,0,experiments/ablation_s01_s08/no_both/valence/s03_summary.csv
ablation_s01_s08,no_both,s03,valence,2,0.987500011920929,0.06228684261441231,0.987500011920929,0.07390037924051285,177,36,44,37,43,37,43,0,0.5,0,0,0,0,experiments/ablation_s01_s08/no_both/valence/s03_summary.csv
ablation_s01_s08,no_both,s03,valence,3,0.9750000238418579,0.06598169356584549,1.0,0.08667382597923279,198,41,39,41,39,41,39,0,0.5,0,0,0,0,experiments/ablation_s01_s08/no_both/valence/s03_summary.csv
ablation_s01_s08,no_both,s03,valence,4,0.9750000238418579,0.09698211401700974,0.987500011920929,0.11580881476402283,178,36,44,38,42,37,43,0,0.5,0,0,0,0,experiments/ablation_s01_s08/no_both/valence/s03_summary.csv
ablation_s01_s08,no_both,s03,valence,5,0.9124999642372131,0.22001612186431885,0.9624999761581421,0.12285716831684113,196,37,43,44,36,36,44,0,0.5,0,0,0,0,experiments/ablation_s01_s08/no_both/valence/s03_summary.csv
ablation_s01_s08,no_both,s03,valence,6,0.9750000238418579,0.21632398664951324,0.9750000238418579,0.21290943026542664,169,41,39,39,41,39,41,0,0.5,0,0,0,0,experiments/ablation_s01_s08/no_both/valence/s03_summary.csv
ablation_s01_s08,no_both,s03,valence,7,0.9249999523162842,0.18333658576011658,0.949999988079071,0.1880318820476532,182,36,44,34,46,36,44,0,0.5,0,0,0,0,experiments/ablation_s01_s08/no_both/valence/s03_summary.csv
ablation_s01_s08,no_both,s03,valence,8,0.9125000238418579,0.2216494083404541,0.9375,0.1848691999912262,174,26,54,33,47,25,55,0,0.5,0,0,0,0,experiments/ablation_s01_s08/no_both/valence/s03_summary.csv
ablation_s01_s08,no_both,s03,valence,9,0.9125000238418579,0.14154045283794403,0.9750000238418579,0.14662137627601624,138,41,39,48,32,43,37,0,0.5,0,0,0,0,experiments/ablation_s01_s08/no_both/valence/s03_summary.csv
ablation_s01_s08,no_both,s03,valence,10,0.9249999523162842,0.16655796766281128,0.9500000476837158,0.14616471529006958,187,29,51,31,49,29,51,0,0.5,0,0,0,0,experiments/ablation_s01_s08/no_both/valence/s03_summary.csv
ablation_s01_s08,no_both,s04,valence,1,0.875,0.2735746502876282,0.887499988079071,0.2916709780693054,197,47,33,47,33,48,32,0,0.5,0,0,0,0,experiments/ablation_s01_s08/no_both/valence/s04_summary.csv
ablation_s01_s08,no_both,s04,valence,2,0.824999988079071,0.32888343930244446,0.9124999642372131,0.32263898849487305,175,51,29,43,37,52,28,0,0.5,0,0,0,0,experiments/ablation_s01_s08/no_both/valence/s04_summary.csv
ablation_s01_s08,no_both,s04,valence,3,0.8125,0.41211822628974915,0.8374999761581421,0.44180595874786377,181,49,31,40,40,52,28,0,0.5,0,0,0,0,experiments/ablation_s01_s08/no_both/valence/s04_summary.csv
ablation_s01_s08,no_both,s04,valence,4,0.824999988079071,0.3906998038291931,0.8500000238418579,0.3888806700706482,183,52,28,56,24,52,28,0,0.5,0,0,0,0,experiments/ablation_s01_s08/no_both/valence/s04_summary.csv
ablation_s01_s08,no_both,s04,valence,5,0.8125,0.4235743284225464,0.862500011920929,0.4544433653354645,179,51,29,48,32,52,28,0,0.5,0,0,0,0,experiments/ablation_s01_s08/no_both/valence/s04_summary.csv
ablation_s01_s08,no_both,s04,valence,6,0.7749999761581421,0.5983138084411621,0.7875000238418579,0.6149232387542725,195,44,36,46,34,45,35,0,0.5,0,0,0,0,experiments/ablation_s01_s08/no_both/valence/s04_summary.csv
ablation_s01_s08,no_both,s04,valence,7,0.7749999761581421,0.5261636972427368,0.824999988079071,0.5297417640686035,198,46,34,38,42,48,32,0,0.5,0,0,0,0,experiments/ablation_s01_s08/no_both/valence/s04_summary.csv
ablation_s01_s08,no_both,s04,valence,8,0.75,0.49743324518203735,0.8374999761581421,0.44785600900650024,190,45,35,31,49,50,30,0,0.5,0,0,0,0,experiments/ablation_s01_s08/no_both/valence/s04_summary.csv
ablation_s01_s08,no_both,s04,valence,9,0.824999988079071,0.4712351858615875,0.8500000238418579,0.4241642653942108,191,48,32,42,38,48,32,0,0.5,0,0,0,0,experiments/ablation_s01_s08/no_both/valence/s04_summary.csv
ablation_s01_s08,no_both,s04,valence,10,0.7250000238418579,0.5128132700920105,0.7625000476837158,0.6015619039535522,159,47,33,45,35,58,22,0,0.5,0,0,0,0,experiments/ablation_s01_s08/no_both/valence/s04_summary.csv
ablation_s01_s08,no_both,s05,valence,1,0.875,0.3281049132347107,0.8999999761581421,0.28432726860046387,171,31,49,29,51,31,49,0,0.5,0,0,0,0,experiments/ablation_s01_s08/no_both/valence/s05_summary.csv
ablation_s01_s08,no_both,s05,valence,2,0.9125000238418579,0.25247079133987427,0.949999988079071,0.24181382358074188,187,37,43,40,40,37,43,0,0.5,0,0,0,0,experiments/ablation_s01_s08/no_both/valence/s05_summary.csv
ablation_s01_s08,no_both,s05,valence,3,0.8999999761581421,0.3358059823513031,0.9375,0.22175128757953644,188,25,55,29,51,26,54,0,0.5,0,0,0,0,experiments/ablation_s01_s08/no_both/valence/s05_summary.csv
ablation_s01_s08,no_both,s05,valence,4,0.8999999761581421,0.3033377528190613,0.9249999523162842,0.2987217903137207,163,35,45,33,47,33,47,0,0.5,0,0,0,0,experiments/ablation_s01_s08/no_both/valence/s05_summary.csv
ablation_s01_s08,no_both,s05,valence,5,0.9249999523162842,0.2005772590637207,0.949999988079071,0.18368682265281677,194,30,50,34,46,32,48,0,0.5,0,0,0,0,experiments/ablation_s01_s08/no_both/valence/s05_summary.csv
ablation_s01_s08,no_both,s05,valence,6,0.9624999761581421,0.09609802067279816,0.987500011920929,0.10745623707771301,179,36,44,33,47,35,45,0,0.5,0,0,0,0,experiments/ablation_s01_s08/no_both/valence/s05_summary.csv
ablation_s01_s08,no_both,s05,valence,7,0.9375,0.16050079464912415,0.949999988079071,0.21804013848304749,176,33,47,36,44,37,43,0,0.5,0,0,0,0,experiments/ablation_s01_s08/no_both/valence/s05_summary.csv
ablation_s01_s08,no_both,s05,valence,8,0.9375,0.24440358579158783,0.9375,0.2456754446029663,162,30,50,25,55,29,51,0,0.5,0,0,0,0,experiments/ablation_s01_s08/no_both/valence/s05_summary.csv
ablation_s01_s08,no_both,s05,valence,9,0.925000011920929,0.1884845495223999,0.9624999761581421,0.14672254025936127,190,34,46,32,48,33,47,0,0.5,0,0,0,0,experiments/ablation_s01_s08/no_both/valence/s05_summary.csv
ablation_s01_s08,no_both,s05,valence,10,0.9375,0.1797499656677246,0.9624999761581421,0.1830052137374878,179,29,51,30,50,28,52,0,0.5,0,0,0,0,experiments/ablation_s01_s08/no_both/valence/s05_summary.csv
ablation_s01_s08,no_both,s06,valence,1,0.925000011920929,0.24498915672302246,0.9375,0.2631218433380127,186,18,62,14,66,17,63,0,0.5,0,0,0,0,experiments/ablation_s01_s08/no_both/valence/s06_summary.csv
ablation_s01_s08,no_both,s06,valence,2,0.887499988079071,0.2914694547653198,0.9125000238418579,0.3124164044857025,189,16,64,19,61,11,69,0,0.5,0,0,0,0,experiments/ablation_s01_s08/no_both/valence/s06_summary.csv
ablation_s01_s08,no_both,s06,valence,3,0.9375,0.20682314038276672,0.9624999761581421,0.21144816279411316,149,21,59,18,62,18,62,0,0.5,0,0,0,0,experiments/ablation_s01_s08/no_both/valence/s06_summary.csv
ablation_s01_s08,no_both,s06,valence,4,0.9124999642372131,0.24249713122844696,0.949999988079071,0.14876428246498108,192,15,65,10,70,15,65,0,0.5,0,0,0,0,experiments/ablation_s01_s08/no_both/valence/s06_summary.csv
ablation_s01_s08,no_both,s06,valence,5,0.8500000238418579,0.38931065797805786,0.862500011920929,0.4215344190597534,180,26,54,14,66,15,65,0,0.5,0,0,0,0,experiments/ablation_s01_s08/no_both/valence/s06_summary.csv
ablation_s01_s08,no_both,s06,valence,6,0.8624999523162842,0.3632166385650635,0.862500011920929,0.39041396975517273,194,23,57,16,64,18,62,0,0.5,0,0,0,0,experiments/ablation_s01_s08/no_both/valence/s06_summary.csv
ablation_s01_s08,no_both,s06,valence,7,0.862500011920929,0.32054540514945984,0.875,0.34388768672943115,190,22,58,19,61,14,66,0,0.5,0,0,0,0,experiments/ablation_s01_s08/no_both/valence/s06_summary.csv
ablation_s01_s08,no_both,s06,valence,8,0.9124999642372131,0.29739412665367126,0.9249999523162842,0.29706722497940063,194,21,59,16,64,17,63,0,0.5,0,0,0,0,experiments/ablation_s01_s08/no_both/valence/s06_summary.csv
ablation_s01_s08,no_both,s06,valence,9,0.9249999523162842,0.22387416660785675,0.9249999523162842,0.2267502397298813,189,20,60,16,64,16,64,0,0.5,0,0,0,0,experiments/ablation_s01_s08/no_both/valence/s06_summary.csv
ablation_s01_s08,no_both,s06,valence,10,0.9249999523162842,0.2393367439508438,0.9375,0.20205461978912354,178,18,62,12,68,13,67,0,0.5,0,0,0,0,experiments/ablation_s01_s08/no_both/valence/s06_summary.csv
ablation_s01_s08,no_both,s07,valence,1,0.9750000238418579,0.09873926639556885,0.987500011920929,0.08021366596221924,199,22,58,20,60,21,59,0,0.5,0,0,0,0,experiments/ablation_s01_s08/no_both/valence/s07_summary.csv
ablation_s01_s08,no_both,s07,valence,2,1.0,0.036111101508140564,1.0,0.028300339356064796,192,21,59,21,59,21,59,0,0.5,0,0,0,0,experiments/ablation_s01_s08/no_both/valence/s07_summary.csv
ablation_s01_s08,no_both,s07,valence,3,0.949999988079071,0.1606895625591278,0.9750000238418579,0.1448700875043869,195,25,55,25,55,27,53,0,0.5,0,0,0,0,experiments/ablation_s01_s08/no_both/valence/s07_summary.csv
ablation_s01_s08,no_both,s07,valence,4,0.9750000238418579,0.06769604980945587,0.9750000238418579,0.09915567934513092,168,22,58,24,56,24,56,0,0.5,0,0,0,0,experiments/ablation_s01_s08/no_both/valence/s07_summary.csv
ablation_s01_s08,no_both,s07,valence,5,0.9375,0.18204638361930847,0.987500011920929,0.06132721155881882,190,26,54,21,59,27,53,0,0.5,0,0,0,0,experiments/ablation_s01_s08/no_both/valence/s07_summary.csv
ablation_s01_s08,no_both,s07,valence,6,0.8874999284744263,0.27444979548454285,0.9624999761581421,0.12557347118854523,185,30,50,21,59,31,49,0,0.5,0,0,0,0,experiments/ablation_s01_s08/no_both/valence/s07_summary.csv
ablation_s01_s08,no_both,s07,valence,7,0.9500000476837158,0.1198083758354187,0.9750000238418579,0.1338159292936325,170,15,65,13,67,13,67,0,0.5,0,0,0,0,experiments/ablation_s01_s08/no_both/valence/s07_summary.csv
ablation_s01_s08,no_both,s07,valence,8,0.9124999642372131,0.28711503744125366,0.9375,0.1754285991191864,186,23,57,16,64,20,60,0,0.5,0,0,0,0,experiments/ablation_s01_s08/no_both/valence/s07_summary.csv
ablation_s01_s08,no_both,s07,valence,9,0.9375,0.1721506416797638,0.949999988079071,0.17410984635353088,167,28,52,25,55,30,50,0,0.5,0,0,0,0,experiments/ablation_s01_s08/no_both/valence/s07_summary.csv
ablation_s01_s08,no_both,s07,valence,10,0.8999999761581421,0.3481862545013428,0.8999999761581421,0.2222873866558075,189,28,52,22,58,24,56,0,0.5,0,0,0,0,experiments/ablation_s01_s08/no_both/valence/s07_summary.csv
ablation_s01_s08,no_both,s08,valence,1,0.9750000238418579,0.07995057106018066,0.987500011920929,0.07656458765268326,159,33,47,33,47,32,48,0,0.5,0,0,0,0,experiments/ablation_s01_s08/no_both/valence/s08_summary.csv
ablation_s01_s08,no_both,s08,valence,2,0.9624999761581421,0.08736585080623627,0.9750000238418579,0.09929502010345459,181,43,37,42,38,41,39,0,0.5,0,0,0,0,experiments/ablation_s01_s08/no_both/valence/s08_summary.csv
ablation_s01_s08,no_both,s08,valence,3,0.9375,0.1432143896818161,0.9500000476837158,0.18296512961387634,182,41,39,40,40,41,39,0,0.5,0,0,0,0,experiments/ablation_s01_s08/no_both/valence/s08_summary.csv
ablation_s01_s08,no_both,s08,valence,4,0.9124999642372131,0.18838518857955933,0.9375,0.20971697568893433,189,35,45,40,40,30,50,0,0.5,0,0,0,0,experiments/ablation_s01_s08/no_both/valence/s08_summary.csv
ablation_s01_s08,no_both,s08,valence,5,0.949999988079071,0.18012070655822754,0.9750000238418579,0.16133373975753784,195,29,51,29,51,27,53,0,0.5,0,0,0,0,experiments/ablation_s01_s08/no_both/valence/s08_summary.csv
ablation_s01_s08,no_both,s08,valence,6,0.9375,0.19333292543888092,0.9624999761581421,0.24855990707874298,157,31,49,34,46,30,50,0,0.5,0,0,0,0,experiments/ablation_s01_s08/no_both/valence/s08_summary.csv
ablation_s01_s08,no_both,s08,valence,7,0.9375,0.1901521533727646,0.949999988079071,0.16826915740966797,188,39,41,38,42,39,41,0,0.5,0,0,0,0,experiments/ablation_s01_s08/no_both/valence/s08_summary.csv
ablation_s01_s08,no_both,s08,valence,8,0.9249999523162842,0.13761571049690247,0.9500000476837158,0.19446727633476257,195,33,47,33,47,31,49,0,0.5,0,0,0,0,experiments/ablation_s01_s08/no_both/valence/s08_summary.csv
ablation_s01_s08,no_both,s08,valence,9,0.949999988079071,0.14130593836307526,0.9624999761581421,0.17525234818458557,176,42,38,42,38,41,39,0,0.5,0,0,0,0,experiments/ablation_s01_s08/no_both/valence/s08_summary.csv
ablation_s01_s08,no_both,s08,valence,10,0.949999988079071,0.14581607282161713,0.949999988079071,0.14593210816383362,171,34,46,38,42,30,50,0,0.5,0,0,0,0,experiments/ablation_s01_s08/no_both/valence/s08_summary.csv
