fold,test_loss,test_accuracy,true_count_0,true_count_1,pred_count_0,pred_count_1,cm_00,cm_01,cm_10,cm_11,best_epoch,best_test_loss,best_test_accuracy,best_pred_count_0,best_pred_count_1,best_cm_00,best_cm_01,best_cm_10,best_cm_11,standardize,standardize_mean,standardize_std,train_phase_train,disable_dropout,train_keep_prob,protocol,dimension,subject,macro_f1,best_macro_f1,use_channel_attention,use_self_attention,split_protocol,train_split_units,test_split_units
1,0.1035570427775383,0.975000023841858,41,39,43,37,41,0,2,37,153,0.0824416130781173,0.975000023841858,41,39,40,1,1,38,0,,,0,0,0.5,Sample-level,valence,s01,0.974937343358396,0.9749843652282677,,,,,
2,0.0333661660552024,0.987500011920929,47,33,48,32,47,0,1,32,151,0.0191907435655593,1.0,47,33,47,0,0,33,0,,,0,0,0.5,Sample-level,valence,s01,0.9870445344129555,1.0,,,,,
3,0.1262986361980438,0.9375,34,46,37,43,33,1,4,42,140,0.0937540978193283,0.987500011920929,33,47,33,1,0,46,0,,,0,0,0.5,Sample-level,valence,s01,0.9366988447539167,0.9871609693468143,,,,,
4,0.0109473718330264,1.0,43,37,43,37,43,0,0,37,192,0.0199624355882406,1.0,43,37,43,0,0,37,0,,,0,0,0.5,Sample-level,valence,s01,1.0,1.0,,,,,
5,0.0807655975222587,0.975000023841858,40,40,38,42,38,2,0,40,137,0.0262000672519207,1.0,40,40,40,0,0,40,0,,,0,0,0.5,Sample-level,valence,s01,0.9749843652282677,1.0,,,,,
6,0.047765627503395,0.975000023841858,43,37,43,37,42,1,1,36,137,0.0844580605626106,0.987500011920929,44,36,43,0,1,36,0,,,0,0,0.5,Sample-level,valence,s01,0.9748585795097423,0.9874035584947252,,,,,
7,0.1175333857536315,0.962499976158142,37,43,40,40,37,0,3,40,91,0.1430912315845489,0.975000023841858,37,43,36,1,1,42,0,,,0,0,0.5,Sample-level,valence,s01,0.9624471913628541,0.9748585795097423,,,,,
8,0.0106768440455198,1.0,42,38,42,38,42,0,0,38,111,0.0574074424803257,1.0,42,38,42,0,0,38,0,,,0,0,0.5,Sample-level,valence,s01,1.0,1.0,,,,,
9,0.1079152002930641,0.975000023841858,47,33,45,35,45,2,0,33,178,0.0226748846471309,1.0,47,33,47,0,0,33,0,,,0,0,0.5,Sample-level,valence,s01,0.9744245524296675,1.0,,,,,
10,0.1147160083055496,0.962499976158142,46,34,43,37,43,3,0,34,175,0.1781401336193084,0.962499976158142,43,37,43,3,0,34,0,,,0,0,0.5,Sample-level,valence,s01,0.96201930685235,0.96201930685235,,,,,
1,0.233672946691513,0.9375,38,42,37,43,35,3,2,40,194,0.2452906519174575,0.9375,37,43,35,3,2,40,0,,,0,0,0.5,Sample-level,valence,s02,0.9372549019607843,0.9372549019607843,,,,,
2,0.2027623057365417,0.9249999523162842,40,40,40,40,37,3,3,37,190,0.2170362472534179,0.9375,39,41,37,3,2,38,0,,,0,0,0.5,Sample-level,valence,s02,0.925,0.9374902328488826,,,,,
3,0.3781306147575378,0.8374999761581421,41,39,30,50,29,12,1,38,139,0.4192850291728973,0.875,35,45,33,8,2,37,0,,,0,0,0.5,Sample-level,valence,s02,0.8354169963601836,0.87468671679198,,,,,
4,0.2434240579605102,0.912500023841858,36,44,35,45,32,4,3,41,190,0.2395900636911392,0.9375,37,43,34,2,3,41,0,,,0,0,0.5,Sample-level,valence,s02,0.9113783826554835,0.9370177924736262,,,,,
5,0.238317459821701,0.862500011920929,43,37,42,38,37,6,5,32,155,0.262048989534378,0.8999999761581421,51,29,43,0,8,29,0,,,0,0,0.5,Sample-level,valence,s02,0.8619607843137256,0.8968407479045777,,,,,
6,0.3767256736755371,0.8374999761581421,35,45,44,36,33,2,11,34,163,0.3184033334255218,0.912500023841858,34,46,31,4,3,42,0,,,0,0,0.5,Sample-level,valence,s02,0.8374746054070948,0.9108138238573021,,,,,
7,0.2387268096208572,0.9124999642372132,28,52,29,51,25,3,4,48,197,0.2218511700630188,0.9249999523162842,30,50,26,2,4,48,0,,,0,0,0.5,Sample-level,valence,s02,0.9046159087037984,0.9188640973630832,,,,,
8,0.5593810081481934,0.824999988079071,33,47,19,61,19,14,0,47,188,0.3978260159492492,0.887499988079071,26,54,25,8,1,46,0,,,0,0,0.5,Sample-level,valence,s02,0.8005698005698005,0.8791743581137774,,,,,
9,0.3193819522857666,0.800000011920929,34,46,40,40,29,5,11,35,187,0.3368150591850281,0.875,30,50,27,7,3,43,0,,,0,0,0.5,Sample-level,valence,s02,0.7988686360779385,0.8697916666666667,,,,,
10,0.4537699222564697,0.875,32,48,28,52,25,7,3,45,148,0.3972223401069641,0.875,28,52,25,7,3,45,0,,,0,0,0.5,Sample-level,valence,s02,0.8666666666666667,0.8666666666666667,,,,,
1,0.0967276692390441,0.9375,37,43,40,40,36,1,4,39,136,0.085905909538269,0.975000023841858,37,43,36,1,1,42,0,,,0,0,0.5,Sample-level,valence,s03,0.9374119856047567,0.9748585795097423,,,,,
2,0.1199336200952529,0.962499976158142,36,44,39,41,36,0,3,41,187,0.0732931494712829,0.975000023841858,38,42,36,0,2,42,0,,,0,0,0.5,Sample-level,valence,s03,0.9623529411764706,0.9748585795097423,,,,,
3,0.0930289626121521,0.962499976158142,41,39,42,38,40,1,2,37,90,0.1439161896705627,0.975000023841858,39,41,39,2,0,39,0,,,0,0,0.5,Sample-level,valence,s03,0.9624471913628541,0.975,,,,,
4,0.0542748123407363,0.975000023841858,36,44,36,44,35,1,1,43,98,0.1629794389009475,0.987500011920929,35,45,35,1,0,44,0,,,0,0,0.5,Sample-level,valence,s03,0.9747474747474747,0.9873397689507833,,,,,
5,0.1683076322078704,0.949999988079071,37,43,39,41,36,1,3,40,117,0.1126758605241775,0.975000023841858,37,43,36,1,1,42,0,,,0,0,0.5,Sample-level,valence,s03,0.949874686716792,0.9748585795097423,,,,,
6,0.1835430562496185,0.962499976158142,41,39,40,40,39,2,1,38,125,0.1735726594924926,0.975000023841858,39,41,39,2,0,39,0,,,0,0,0.5,Sample-level,valence,s03,0.9624941397093296,0.975,,,,,
7,0.188348114490509,0.9375,36,44,35,45,33,3,2,42,193,0.1375524252653122,0.975000023841858,38,42,36,0,2,42,0,,,0,0,0.5,Sample-level,valence,s03,0.9366988447539167,0.9748585795097423,,,,,
8,0.1667171716690063,0.9375,26,54,29,51,25,1,4,50,162,0.1125394850969314,0.9500000476837158,26,54,24,2,2,52,0,,,0,0,0.5,Sample-level,valence,s03,0.9307359307359306,0.9430199430199431,,,,,
9,0.1792572736740112,0.9375,41,39,44,36,40,1,4,35,165,0.1165475249290466,0.975000023841858,41,39,40,1,1,38,0,,,0,0,0.5,Sample-level,valence,s03,0.9372549019607843,0.9749843652282677,,,,,
10,0.0742690786719322,0.975000023841858,29,51,29,51,28,1,1,50,141,0.0661355406045913,0.987500011920929,28,52,28,1,0,51,0,,,0,0,0.5,Sample-level,valence,s03,0.9729546991210277,0.9863737012433997,,,,,
1,0.339315265417099,0.8374999761581421,47,33,56,24,45,2,11,22,174,0.2491949945688247,0.9249999523162842,47,33,44,3,3,30,0,,,0,0,0.5,Sample-level,valence,s04,0.8228581161641968,0.9226305609284333,,,,,
2,0.3636811375617981,0.875,51,29,53,27,47,4,6,23,174,0.2756050229072571,0.9124999642372132,52,28,48,3,4,25,0,,,0,0,0.5,Sample-level,valence,s04,0.8626373626373627,0.9046159087037984,,,,,
3,0.4947924315929413,0.7874999642372131,49,31,40,40,36,13,4,27,161,0.3519935011863708,0.8999999761581421,53,27,47,2,6,25,0,,,0,0,0.5,Sample-level,valence,s04,0.784776072163317,0.8918187964841109,,,,,
4,0.2572548389434814,0.887499988079071,52,28,49,31,46,6,3,25,177,0.2543074786663055,0.8999999761581421,50,30,47,5,3,25,0,,,0,0,0.5,Sample-level,valence,s04,0.8791743581137774,0.8918187964841109,,,,,
5,0.4036990106105804,0.862500011920929,51,29,50,30,45,6,5,24,183,0.4391719996929168,0.875,55,25,48,3,7,22,0,,,0,0,0.5,Sample-level,valence,s04,0.8523242154723947,0.8602375960866526,,,,,
6,0.556673526763916,0.8374999761581421,44,36,51,29,41,3,10,26,197,0.361732006072998,0.862500011920929,45,35,39,5,6,30,0,,,0,0,0.5,Sample-level,valence,s04,0.8315789473684211,0.8607374584586169,,,,,
7,0.6152549982070923,0.800000011920929,46,34,38,42,34,12,4,30,142,0.5043982267379761,0.8374999761581421,55,25,44,2,11,23,0,,,0,0,0.5,Sample-level,valence,s04,0.7994987468671679,0.8254740728310119,,,,,
8,0.565642237663269,0.800000011920929,45,35,41,39,35,10,6,29,158,0.4918817579746246,0.8500000238418579,47,33,40,5,7,28,0,,,0,0,0.5,Sample-level,valence,s04,0.7988686360779385,0.8465473145780051,,,,,
9,0.4568730294704437,0.8500000238418579,48,32,54,26,45,3,9,23,188,0.3699102699756622,0.862500011920929,49,31,43,5,6,26,0,,,0,0,0.5,Sample-level,valence,s04,0.8377281947261663,0.8559973817705776,,,,,
10,0.3719766139984131,0.875,47,33,49,31,43,4,6,27,179,0.4005533754825592,0.875,47,33,42,5,5,28,0,,,0,0,0.5,Sample-level,valence,s04,0.8697916666666667,0.871050934880722,,,,,
1,0.2730887532234192,0.9249999523162842,31,49,31,49,28,3,3,46,181,0.2584051489830017,0.9375,30,50,28,3,2,47,0,,,0,0,0.5,Sample-level,valence,s05,0.9210006583278473,0.9337638681900977,,,,,
2,0.1753132939338684,0.962499976158142,37,43,36,44,35,2,1,42,177,0.1511920541524887,0.975000023841858,37,43,36,1,1,42,0,,,0,0,0.5,Sample-level,valence,s05,0.9622106754841757,0.9748585795097423,,,,,
3,0.3267781138420105,0.8999999761581421,25,55,29,51,23,2,6,49,152,0.2773373126983642,0.962499976158142,24,56,23,2,1,54,0,,,0,0,0.5,Sample-level,valence,s05,0.8881900768693222,0.9558742415885273,,,,,
4,0.4184355139732361,0.9249999523162842,35,45,29,51,29,6,0,45,158,0.2644408941268921,0.9375,32,48,31,4,1,44,0,,,0,0,0.5,Sample-level,valence,s05,0.921875,0.9358048467340716,,,,,
5,0.1637932062149047,0.9249999523162842,30,50,32,48,28,2,4,46,188,0.1163956969976425,0.9500000476837158,32,48,29,1,3,47,0,,,0,0,0.5,Sample-level,valence,s05,0.9210006583278473,0.9473337722185649,,,,,
6,0.0339498482644557,0.987500011920929,36,44,35,45,35,1,0,44,152,0.0373354032635688,1.0,36,44,36,0,0,44,0,,,0,0,0.5,Sample-level,valence,s05,0.9873397689507833,1.0,,,,,
7,0.1593503355979919,0.9375,33,47,36,44,32,1,4,43,103,0.1926394402980804,0.962499976158142,36,44,33,0,3,44,0,,,0,0,0.5,Sample-level,valence,s05,0.9362955884695014,0.9617773530817009,,,,,
8,0.1419516950845718,0.962499976158142,30,50,29,51,28,2,1,49,133,0.1528580635786056,0.975000023841858,28,52,28,2,0,50,0,,,0,0,0.5,Sample-level,valence,s05,0.9597247860379259,0.9729546991210277,,,,,
9,0.2085606008768081,0.9249999523162842,34,46,34,46,31,3,3,43,175,0.2134926617145538,0.949999988079071,34,46,32,2,2,44,0,,,0,0,0.5,Sample-level,valence,s05,0.9232736572890026,0.948849104859335,,,,,
10,0.2182696759700775,0.9500000476837158,29,51,31,49,28,1,3,48,200,0.2182696759700775,0.9500000476837158,31,49,28,1,3,48,0,,,0,0,0.5,Sample-level,valence,s05,0.9466666666666667,0.9466666666666667,,,,,
1,0.3065325617790222,0.9375,18,62,13,67,13,5,0,62,136,0.1669747233390808,0.962499976158142,17,63,16,2,1,61,0,,,0,0,0.5,Sample-level,valence,s06,0.8999749937484371,0.9451428571428571,,,,,
2,0.3951838910579681,0.887499988079071,16,64,7,73,7,9,0,64,187,0.1711116731166839,0.9375,15,65,13,3,2,62,0,,,0,0,0.5,Sample-level,valence,s06,0.7715011107584894,0.8999749937484371,,,,,
3,0.3002610802650451,0.9375,21,59,18,62,17,4,1,58,176,0.3271572589874267,0.9375,18,62,17,4,1,58,0,,,0,0,0.5,Sample-level,valence,s06,0.9152362788726425,0.9152362788726425,,,,,
4,0.4324297308921814,0.9124999642372132,15,65,8,72,8,7,0,65,146,0.2523356080055237,0.9375,10,70,10,5,0,65,0,,,0,0,0.5,Sample-level,valence,s06,0.8222786417010473,0.8814814814814815,,,,,
5,0.795198917388916,0.8374999761581421,26,54,13,67,13,13,0,54,193,0.1985898464918136,0.9124999642372132,21,59,20,6,1,53,0,,,0,0,0.5,Sample-level,valence,s06,0.7796143250688705,0.8945584635661834,,,,,
6,0.2746026515960693,0.9249999523162842,23,57,17,63,17,6,0,57,198,0.2129742503166198,0.9375,18,62,18,5,0,57,0,,,0,0,0.5,Sample-level,valence,s06,0.8999999999999999,0.9180159868825579,,,,,
7,0.4394259452819824,0.875,22,58,12,68,12,10,0,58,194,0.1858534216880798,0.962499976158142,21,59,20,2,1,57,0,,,0,0,0.5,Sample-level,valence,s06,0.8132586367880486,0.9522957662492546,,,,,
8,0.2783128619194031,0.9375,21,59,20,60,18,3,2,57,198,0.2787280082702636,0.949999988079071,21,59,19,2,2,57,0,,,0,0,0.5,Sample-level,valence,s06,0.9180159868825579,0.9354317998385795,,,,,
9,0.0580274164676666,0.975000023841858,20,60,18,62,18,2,0,60,178,0.0517329908907413,0.987500011920929,19,61,19,1,0,60,0,,,0,0,0.5,Sample-level,valence,s06,0.9654874892148404,0.9830472557745285,,,,,
10,0.3957206606864929,0.862500011920929,18,62,7,73,7,11,0,62,136,0.2367133051156997,0.9249999523162842,14,66,13,5,1,61,0,,,0,0,0.5,Sample-level,valence,s06,0.7392592592592593,0.8828125,,,,,
1,0.0028436104767024,1.0,22,58,22,58,22,0,0,58,112,0.0634535327553749,1.0,22,58,22,0,0,58,0,,,0,0,0.5,Sample-level,valence,s07,1.0,1.0,,,,,
2,0.0183896776288747,0.987500011920929,21,59,22,58,21,0,1,58,152,0.0339577421545982,1.0,21,59,21,0,0,59,0,,,0,0,0.5,Sample-level,valence,s07,0.9840985887497515,1.0,,,,,
3,0.1985786259174347,0.949999988079071,25,55,23,57,22,3,1,54,114,0.162985622882843,0.962499976158142,24,56,23,2,1,54,0,,,0,0,0.5,Sample-level,valence,s07,0.9404761904761905,0.9558742415885273,,,,,
4,0.0892412289977073,0.975000023841858,22,58,22,58,21,1,1,57,176,0.0865984037518501,0.987500011920929,23,57,22,0,1,57,0,,,0,0,0.5,Sample-level,valence,s07,0.9686520376175549,0.9845410628019324,,,,,
5,0.0202868748456239,0.987500011920929,26,54,25,55,25,1,0,54,175,0.0248385109007358,1.0,26,54,26,0,0,54,0,,,0,0,0.5,Sample-level,valence,s07,0.9856089224680697,1.0,,,,,
6,0.2333337068557739,0.9124999642372132,30,50,25,55,24,6,1,49,190,0.0796285942196846,0.987500011920929,31,49,30,0,1,49,0,,,0,0,0.5,Sample-level,valence,s07,0.9030303030303031,0.9867527736380195,,,,,
7,0.1762869954109192,0.9375,15,65,10,70,10,5,0,65,154,0.0681794062256813,0.987500011920929,14,66,14,1,0,65,0,,,0,0,0.5,Sample-level,valence,s07,0.8814814814814815,0.9789418267965254,,,,,
8,0.0780505761504173,0.975000023841858,23,57,23,57,22,1,1,56,118,0.1710058152675628,0.975000023841858,21,59,21,2,0,57,0,,,0,0,0.5,Sample-level,valence,s07,0.969488939740656,0.9686520376175549,,,,,
9,0.3056973814964294,0.912500023841858,28,52,25,55,23,5,2,50,158,0.4319401085376739,0.9375,23,57,23,5,0,52,0,,,0,0,0.5,Sample-level,valence,s07,0.9012519837771116,0.928044612340349,,,,,
10,0.194467544555664,0.949999988079071,28,52,24,56,24,4,0,52,161,0.1031742841005325,0.987500011920929,27,53,27,1,0,52,0,,,0,0,0.5,Sample-level,valence,s07,0.9430199430199431,0.9861471861471862,,,,,
1,0.1469411700963974,0.962499976158142,33,47,32,48,31,2,1,46,87,0.1924266517162323,0.975000023841858,31,49,31,2,0,47,0,,,0,0,0.5,Sample-level,valence,s08,0.9611336032388664,0.9739583333333333,,,,,
2,0.0233576595783233,0.987500011920929,43,37,44,36,43,0,1,36,168,0.0335124917328357,1.0,43,37,43,0,0,37,0,,,0,0,0.5,Sample-level,valence,s08,0.9874035584947252,1.0,,,,,
3,0.0237894188612699,1.0,41,39,41,39,41,0,0,39,142,0.0390142425894737,1.0,41,39,41,0,0,39,0,,,0,0,0.5,Sample-level,valence,s08,1.0,1.0,,,,,
4,0.1877611875534057,0.9249999523162842,35,45,35,45,32,3,3,42,162,0.1525322347879409,0.9375,38,42,34,1,4,41,0,,,0,0,0.5,Sample-level,valence,s08,0.9238095238095239,0.9370177924736262,,,,,
5,0.0782977044582367,0.987500011920929,29,51,28,52,28,1,0,51,114,0.117548644542694,0.987500011920929,28,52,28,1,0,51,0,,,0,0,0.5,Sample-level,valence,s08,0.9863737012433997,0.9863737012433997,,,,,
6,0.2011400461196899,0.9375,31,49,30,50,28,3,2,47,169,0.2303775399923324,0.962499976158142,32,48,30,1,2,47,0,,,0,0,0.5,Sample-level,valence,s08,0.9337638681900977,0.9607265586647029,,,,,
7,0.1341107487678527,0.9249999523162842,39,41,37,43,35,4,2,39,159,0.1372485160827636,0.949999988079071,41,39,38,1,3,38,0,,,0,0,0.5,Sample-level,valence,s08,0.924812030075188,0.95,,,,,
8,0.0571126900613307,0.962499976158142,33,47,34,46,32,1,2,45,188,0.033688735216856,1.0,33,47,33,0,0,47,0,,,0,0,0.5,Sample-level,valence,s08,0.961482908040443,1.0,,,,,
9,0.1328471899032592,0.949999988079071,42,38,44,36,41,1,3,35,114,0.1125413402915,0.975000023841858,40,40,40,2,0,38,0,,,0,0,0.5,Sample-level,valence,s08,0.9497171590194846,0.9749843652282677,,,,,
10,0.0633100271224975,0.975000023841858,34,46,36,44,34,0,2,44,153,0.0621060505509376,0.987500011920929,33,47,33,1,0,46,0,,,0,0,0.5,Sample-level,valence,s08,0.9746031746031746,0.9871609693468143,,,,,
1,0.0413377173244953,0.987500011920929,34,46,33,47,33,1,0,46,173,0.0150872487574815,1.0,34,46,34,0,0,46,0,,,0,0,0.5,Sample-level,arousal,s01,0.9871609693468143,1.0,,,,,
2,0.0889641121029853,0.987500011920929,40,40,39,41,39,1,0,40,86,0.2573548555374145,0.987500011920929,39,41,39,1,0,40,0,,,0,0,0.5,Sample-level,arousal,s01,0.9874980465697765,0.9874980465697765,,,,,
3,0.0027775466442108,1.0,25,55,25,55,25,0,0,55,140,0.0197510905563831,1.0,25,55,25,0,0,55,0,,,0,0,0.5,Sample-level,arousal,s01,1.0,1.0,,,,,
4,0.0373073890805244,0.975000023841858,34,46,34,46,33,1,1,45,175,0.0261930748820304,1.0,34,46,34,0,0,46,0,,,0,0,0.5,Sample-level,arousal,s01,0.9744245524296675,1.0,,,,,
5,0.0232926271855831,0.987500011920929,37,43,38,42,37,0,1,42,153,0.0576786659657955,0.987500011920929,36,44,36,1,0,43,0,,,0,0,0.5,Sample-level,arousal,s01,0.987450980392157,0.9874035584947252,,,,,
6,0.115332081913948,0.962499976158142,30,50,29,51,28,2,1,49,130,0.0974771678447723,0.975000023841858,28,52,28,2,0,50,0,,,0,0,0.5,Sample-level,arousal,s01,0.9597247860379259,0.9729546991210277,,,,,
7,0.0760078728199005,0.962499976158142,27,53,26,54,25,2,1,52,196,0.0713674277067184,0.987500011920929,28,52,27,0,1,52,0,,,0,0,0.5,Sample-level,arousal,s01,0.9576794216187621,0.9861471861471862,,,,,
8,0.3028828203678131,0.8999999761581421,37,43,29,51,29,8,0,43,155,0.0626320466399192,0.987500011920929,36,44,36,1,0,43,0,,,0,0,0.5,Sample-level,arousal,s01,0.8968407479045777,0.9874035584947252,,,,,
9,0.0380660109221935,0.975000023841858,27,53,27,53,26,1,1,52,188,0.0279780738055706,0.987500011920929,26,54,26,1,0,53,0,,,0,0,0.5,Sample-level,arousal,s01,0.9720475192173306,0.9858931405395874,,,,,
10,0.053614005446434,0.987500011920929,29,51,28,52,28,1,0,51,102,0.1008787602186203,0.987500011920929,28,52,28,1,0,51,0,,,0,0,0.5,Sample-level,arousal,s01,0.9863737012433997,0.9863737012433997,,,,,
1,0.1834715157747268,0.9375,19,61,20,60,17,2,3,58,185,0.1678368747234344,0.9375,20,60,17,2,3,58,0,,,0,0,0.5,Sample-level,arousal,s02,0.9152362788726425,0.9152362788726425,,,,,
2,0.3531400859355926,0.8999999761581421,35,45,35,45,31,4,4,41,183,0.2923645079135895,0.9249999523162842,33,47,31,4,2,43,0,,,0,0,0.5,Sample-level,arousal,s02,0.8984126984126983,0.9232736572890026,,,,,
3,0.2730706930160522,0.887499988079071,30,50,33,47,27,3,6,44,182,0.2630931138992309,0.9249999523162842,30,50,27,3,3,47,0,,,0,0,0.5,Sample-level,arousal,s02,0.882179675994109,0.9199999999999999,,,,,
4,0.396975576877594,0.824999988079071,40,40,36,44,31,9,5,35,135,0.364582896232605,0.862500011920929,41,39,35,5,6,34,0,,,0,0,0.5,Sample-level,arousal,s02,0.8245614035087719,0.8624785122675418,,,,,
5,0.3855599761009216,0.8125,36,44,41,39,31,5,10,34,189,0.3570943474769592,0.862500011920929,37,43,31,5,6,38,0,,,0,0,0.5,Sample-level,arousal,s02,0.8122359568142701,0.8614391434419777,,,,,
6,0.3735596537590027,0.8500000238418579,32,48,26,54,23,9,3,45,187,0.3254413604736328,0.8999999761581421,34,46,29,3,5,43,0,,,0,0,0.5,Sample-level,arousal,s02,0.8377281947261663,0.8968407479045777,,,,,
7,0.4669373631477356,0.824999988079071,26,54,32,48,22,4,10,44,164,0.4181233048439026,0.887499988079071,23,57,20,6,3,51,0,,,0,0,0.5,Sample-level,arousal,s02,0.810682893847194,0.8676227247655819,,,,,
8,0.435985118150711,0.8374999761581421,29,51,30,50,23,6,7,44,190,0.389272540807724,0.875,27,53,23,6,4,47,0,,,0,0,0.5,Sample-level,arousal,s02,0.8254740728310119,0.8626373626373627,,,,,
9,0.5203619003295898,0.862500011920929,28,52,19,61,18,10,1,51,162,0.3998046517372131,0.887499988079071,21,59,20,8,1,51,0,,,0,0,0.5,Sample-level,arousal,s02,0.8343061570325738,0.8676227247655819,,,,,
10,0.616075873374939,0.8125,45,35,48,32,39,6,9,26,198,0.7128756046295166,0.8250000476837158,47,33,39,6,8,27,0,,,0,0,0.5,Sample-level,arousal,s02,0.8074145402022148,0.8209718670076727,,,,,
1,0.0919864103198051,0.987500011920929,65,15,66,14,65,0,1,14,81,0.1399294883012771,0.987500011920929,66,14,65,0,1,14,0,,,0,0,0.5,Sample-level,arousal,s03,0.9789418267965254,0.9789418267965254,,,,,
2,0.2840288281440735,0.962499976158142,72,8,75,5,72,0,3,5,108,0.1824336946010589,0.962499976158142,75,5,72,0,3,5,0,,,0,0,0.5,Sample-level,arousal,s03,0.8744113029827316,0.8744113029827316,,,,,
3,0.2600756883621216,0.962499976158142,54,26,57,23,54,0,3,23,142,0.1032752692699432,0.987500011920929,55,25,54,0,1,25,0,,,0,0,0.5,Sample-level,arousal,s03,0.9558742415885273,0.9856089224680697,,,,,
4,0.0083204451948404,1.0,64,16,64,16,64,0,0,16,124,0.023543057963252,1.0,64,16,64,0,0,16,0,,,0,0,0.5,Sample-level,arousal,s03,1.0,1.0,,,,,
5,0.1574223488569259,0.949999988079071,63,17,67,13,63,0,4,13,177,0.0118514914065599,1.0,63,17,63,0,0,17,0,,,0,0,0.5,Sample-level,arousal,s03,0.917948717948718,1.0,,,,,
6,0.1291396915912628,0.987500011920929,72,8,73,7,72,0,1,7,96,0.0578497275710105,0.987500011920929,73,7,72,0,1,7,0,,,0,0,0.5,Sample-level,arousal,s03,0.9632183908045977,0.9632183908045977,,,,,
7,0.0032555458601564,1.0,64,16,64,16,64,0,0,16,125,0.0184755213558673,1.0,64,16,64,0,0,16,0,,,0,0,0.5,Sample-level,arousal,s03,1.0,1.0,,,,,
8,0.1977636069059372,0.962499976158142,65,15,68,12,65,0,3,12,124,0.1000722050666809,0.987500011920929,66,14,65,0,1,14,0,,,0,0,0.5,Sample-level,arousal,s03,0.9331662489557226,0.9789418267965254,,,,,
9,0.2190179973840713,0.975000023841858,63,17,65,15,63,0,2,15,127,0.1257817447185516,0.975000023841858,65,15,63,0,2,15,0,,,0,0,0.5,Sample-level,arousal,s03,0.9609375,0.9609375,,,,,
10,0.1951864659786224,0.962499976158142,58,22,61,19,58,0,3,19,149,0.1774699389934539,0.975000023841858,60,20,58,0,2,20,0,,,0,0,0.5,Sample-level,arousal,s03,0.9508095921295348,0.9677158999192897,,,,,
1,0.8100144863128662,0.7749999761581421,49,31,37,43,34,15,3,28,185,0.4796250462532043,0.862500011920929,52,28,45,4,7,24,0,,,0,0,0.5,Sample-level,arousal,s04,0.7737272155876807,0.8523242154723947,,,,,
2,0.3804410099983215,0.862500011920929,47,33,50,30,43,4,7,26,166,0.3659902215003967,0.887499988079071,52,28,45,2,7,26,0,,,0,0,0.5,Sample-level,arousal,s04,0.8559973817705776,0.8807749627421758,,,,,
3,0.4520874321460724,0.887499988079071,44,36,49,31,42,2,7,29,194,0.4058868885040283,0.9124999642372132,47,33,42,2,5,31,0,,,0,0,0.5,Sample-level,arousal,s04,0.8844487241213288,0.9108138238573021,,,,,
4,0.1628124117851257,0.925000011920929,51,29,55,25,50,1,5,24,174,0.1789909899234771,0.949999988079071,53,27,50,1,3,26,0,,,0,0,0.5,Sample-level,arousal,s04,0.9161425576519916,0.945054945054945,,,,,
5,0.4760621786117553,0.875,44,36,44,36,39,5,5,31,145,0.3706066012382507,0.887499988079071,43,37,39,5,4,32,0,,,0,0,0.5,Sample-level,arousal,s04,0.8737373737373737,0.8866320264525271,,,,,
6,0.5681722164154053,0.8125,45,35,58,22,44,1,14,21,156,0.2937636375427246,0.8999999761581421,45,35,41,4,4,31,0,,,0,0,0.5,Sample-level,arousal,s04,0.7956055186509964,0.8984126984126983,,,,,
7,0.3296912014484405,0.925000011920929,46,34,46,34,43,3,3,31,186,0.3038530647754669,0.9375,47,33,44,2,3,31,0,,,0,0,0.5,Sample-level,arousal,s04,0.9232736572890026,0.9358048467340716,,,,,
8,0.4052343070507049,0.8374999761581421,55,25,56,24,49,6,7,18,167,0.4528738260269165,0.875,51,29,48,7,3,22,0,,,0,0,0.5,Sample-level,arousal,s04,0.8087883802169517,0.8602375960866526,,,,,
9,0.2333908677101135,0.8999999761581421,49,31,51,29,46,3,5,26,183,0.2469339370727539,0.9375,50,30,47,2,3,28,0,,,0,0,0.5,Sample-level,arousal,s04,0.8933333333333333,0.9337638681900977,,,,,
10,0.3589714765548706,0.8374999761581421,50,30,45,35,41,9,4,26,177,0.3883389830589294,0.875,48,32,44,6,4,26,0,,,0,0,0.5,Sample-level,arousal,s04,0.8315789473684211,0.8683344305464121,,,,,
1,0.1171341836452484,0.962499976158142,42,38,45,35,42,0,3,35,199,0.0866443887352943,1.0,42,38,42,0,0,38,0,,,0,0,0.5,Sample-level,arousal,s05,0.9622106754841757,1.0,,,,,
2,0.3900878727436065,0.8374999761581421,42,38,29,51,29,13,0,38,185,0.2458259761333465,0.949999988079071,46,34,42,0,4,34,0,,,0,0,0.5,Sample-level,arousal,s05,0.8354169963601836,0.9494949494949495,,,,,
3,0.2174806445837021,0.949999988079071,46,34,46,34,44,2,2,32,166,0.1865444630384445,0.949999988079071,46,34,44,2,2,32,0,,,0,0,0.5,Sample-level,arousal,s05,0.948849104859335,0.948849104859335,,,,,
4,0.1896637231111526,0.949999988079071,44,36,44,36,42,2,2,34,176,0.2043066620826721,0.962499976158142,45,35,43,1,2,34,0,,,0,0,0.5,Sample-level,arousal,s05,0.9494949494949495,0.96201930685235,,,,,
5,0.1594420373439788,0.9375,42,38,37,43,37,5,0,38,199,0.1261847168207168,0.962499976158142,41,39,40,2,1,37,0,,,0,0,0.5,Sample-level,arousal,s05,0.9374902328488826,0.9624471913628541,,,,,
6,0.2644604742527008,0.8999999761581421,40,40,48,32,40,0,8,32,173,0.1585412621498108,0.9375,41,39,38,2,3,37,0,,,0,0,0.5,Sample-level,arousal,s05,0.898989898989899,0.9374902328488826,,,,,
7,0.1956628262996673,0.8999999761581421,36,44,38,42,33,3,5,39,195,0.1944741010665893,0.9375,37,43,34,2,3,41,0,,,0,0,0.5,Sample-level,arousal,s05,0.8994343180389692,0.9370177924736262,,,,,
8,0.2957245409488678,0.875,41,39,47,33,39,2,8,31,177,0.2142648100852966,0.9249999523162842,41,39,38,3,3,36,0,,,0,0,0.5,Sample-level,arousal,s05,0.8737373737373737,0.9249530956848031,,,,,
9,0.1164029240608215,0.912500023841858,46,34,49,31,44,2,5,29,186,0.1128595620393753,0.987500011920929,45,35,45,1,0,34,0,,,0,0,0.5,Sample-level,arousal,s05,0.9093117408906883,0.9872591176939003,,,,,
10,0.1482725590467453,0.949999988079071,41,39,39,41,38,3,1,38,196,0.1624485254287719,0.949999988079071,39,41,38,3,1,38,0,,,0,0,0.5,Sample-level,arousal,s05,0.95,0.95,,,,,
1,0.5114266276359558,0.875,48,32,40,40,39,9,1,31,188,0.3504840135574341,0.9124999642372132,51,29,46,2,5,27,0,,,0,0,0.5,Sample-level,arousal,s06,0.8737373737373737,0.9072694154661367,,,,,
2,0.3203635215759277,0.887499988079071,47,33,40,40,39,8,1,32,167,0.2692292630672455,0.9375,46,34,44,3,2,31,0,,,0,0,0.5,Sample-level,arousal,s06,0.8866320264525271,0.9358048467340716,,,,,
3,0.4840348362922668,0.8500000238418579,51,29,45,35,42,9,3,26,182,0.3775205016136169,0.912500023841858,50,30,47,4,3,26,0,,,0,0,0.5,Sample-level,arousal,s06,0.84375,0.9060245007551603,,,,,
4,0.2198486626148224,0.9249999523162842,50,30,50,30,47,3,3,27,195,0.2072144001722335,0.949999988079071,50,30,48,2,2,28,0,,,0,0,0.5,Sample-level,arousal,s06,0.9199999999999999,0.9466666666666667,,,,,
5,0.2548412084579468,0.949999988079071,40,40,42,38,39,1,3,37,187,0.2508970201015472,0.962499976158142,39,41,38,2,1,39,0,,,0,0,0.5,Sample-level,arousal,s06,0.9499687304565353,0.9624941397093296,,,,,
6,0.2637532949447632,0.912500023841858,40,40,35,45,34,6,1,39,193,0.2310648411512375,0.9249999523162842,36,44,35,5,1,39,0,,,0,0,0.5,Sample-level,arousal,s06,0.912156862745098,0.924812030075188,,,,,
7,0.1265932619571685,0.949999988079071,47,33,49,31,46,1,3,30,167,0.1113250032067298,0.975000023841858,45,35,45,2,0,33,0,,,0,0,0.5,Sample-level,arousal,s06,0.9479166666666667,0.9744245524296675,,,,,
8,0.2046677768230438,0.9249999523162842,47,33,47,33,44,3,3,30,154,0.217613399028778,0.9375,46,34,44,3,2,31,0,,,0,0,0.5,Sample-level,arousal,s06,0.9226305609284333,0.9358048467340716,,,,,
9,0.3776612877845764,0.8499999642372131,43,37,35,45,33,10,2,35,166,0.3324503600597381,0.912500023841858,42,38,39,4,3,34,0,,,0,0,0.5,Sample-level,arousal,s06,0.849906191369606,0.912156862745098,,,,,
10,0.049231793731451,0.975000023841858,47,33,49,31,47,0,2,31,199,0.0263949409127235,1.0,47,33,47,0,0,33,0,,,0,0,0.5,Sample-level,arousal,s06,0.9739583333333333,1.0,,,,,
1,0.2125742584466934,0.975000023841858,22,58,20,60,20,2,0,58,175,0.2017246186733245,0.975000023841858,20,60,20,2,0,58,0,,,0,0,0.5,Sample-level,arousal,s07,0.9677158999192897,0.9677158999192897,,,,,
2,0.4087790846824646,0.8999999761581421,33,47,25,55,25,8,0,47,163,0.1671942919492721,0.949999988079071,31,49,30,3,1,46,0,,,0,0,0.5,Sample-level,arousal,s07,0.8918187964841109,0.9479166666666667,,,,,
3,0.179100900888443,0.9249999523162842,33,47,29,51,28,5,1,46,162,0.1291158199310302,0.962499976158142,34,46,32,1,2,45,0,,,0,0,0.5,Sample-level,arousal,s07,0.9210006583278473,0.961482908040443,,,,,
4,0.2172608971595764,0.9375,26,54,23,57,22,4,1,53,179,0.1723469197750091,0.962499976158142,23,57,23,3,0,54,0,,,0,0,0.5,Sample-level,arousal,s07,0.9264570693142122,0.9558742415885273,,,,,
5,0.1119178533554077,0.962499976158142,27,53,24,56,24,3,0,53,161,0.1072684377431869,0.962499976158142,26,54,25,2,1,52,0,,,0,0,0.5,Sample-level,arousal,s07,0.9568267674042095,0.9576794216187621,,,,,
6,0.3650246560573578,0.875,29,51,25,55,22,7,3,48,180,0.2982624173164367,0.912500023841858,30,50,26,3,4,47,0,,,0,0,0.5,Sample-level,arousal,s07,0.8602375960866526,0.9060245007551603,,,,,
7,0.1278260052204132,0.962499976158142,33,47,32,48,31,2,1,46,153,0.1348995715379715,0.975000023841858,31,49,31,2,0,47,0,,,0,0,0.5,Sample-level,arousal,s07,0.9611336032388664,0.9739583333333333,,,,,
8,0.1647912263870239,0.9249999523162842,30,50,26,54,25,5,1,49,186,0.0906492099165916,0.975000023841858,30,50,29,1,1,49,0,,,0,0,0.5,Sample-level,arousal,s07,0.9175824175824177,0.9733333333333334,,,,,
9,0.2378036975860595,0.9375,35,45,30,50,30,5,0,45,197,0.2266682386398315,0.949999988079071,33,47,32,3,1,44,0,,,0,0,0.5,Sample-level,arousal,s07,0.9352226720647774,0.948849104859335,,,,,
10,0.3038154244422912,0.9124999642372132,32,48,27,53,26,6,1,47,189,0.201712816953659,0.949999988079071,30,50,29,3,1,47,0,,,0,0,0.5,Sample-level,arousal,s07,0.9060245007551603,0.9473337722185649,,,,,
1,0.1573107540607452,0.975000023841858,41,39,39,41,39,2,0,39,95,0.1362222880125045,0.975000023841858,39,41,39,2,0,39,0,,,0,0,0.5,Sample-level,arousal,s08,0.975,0.975,,,,,
2,0.1066522076725959,0.949999988079071,32,48,32,48,30,2,2,46,146,0.1346366107463836,0.962499976158142,33,47,31,1,2,46,0,,,0,0,0.5,Sample-level,arousal,s08,0.9479166666666667,0.9611336032388664,,,,,
3,0.0148597126826643,0.987500011920929,33,47,34,46,33,0,1,46,133,0.0396867580711841,1.0,33,47,33,0,0,47,0,,,0,0,0.5,Sample-level,arousal,s08,0.9871609693468143,1.0,,,,,
4,0.1298315227031707,0.975000023841858,28,52,28,52,27,1,1,51,139,0.1400094628334045,0.975000023841858,28,52,27,1,1,51,0,,,0,0,0.5,Sample-level,arousal,s08,0.9725274725274725,0.9725274725274725,,,,,
5,0.2142257839441299,0.975000023841858,36,44,34,46,34,2,0,44,135,0.1796914041042328,0.975000023841858,34,46,34,2,0,44,0,,,0,0,0.5,Sample-level,arousal,s08,0.9746031746031746,0.9746031746031746,,,,,
6,0.2530098855495453,0.9375,29,51,28,52,26,3,2,49,149,0.1707140803337097,0.962499976158142,28,52,27,2,1,50,0,,,0,0,0.5,Sample-level,arousal,s08,0.9318685062169988,0.9591211037301992,,,,,
7,0.1241567879915237,0.962499976158142,40,40,41,39,39,1,2,38,163,0.0976235270500183,0.975000023841858,42,38,40,0,2,38,0,,,0,0,0.5,Sample-level,arousal,s08,0.9624941397093296,0.9749843652282677,,,,,
8,0.1219444572925567,0.949999988079071,25,55,29,51,25,0,4,51,164,0.1792755275964737,0.962499976158142,22,58,22,3,0,55,0,,,0,0,0.5,Sample-level,arousal,s08,0.9440950384346611,0.9548107700997929,,,,,
9,0.108607068657875,0.949999988079071,35,45,35,45,33,2,2,43,88,0.1211136281490325,0.975000023841858,37,43,35,0,2,43,0,,,0,0,0.5,Sample-level,arousal,s08,0.9492063492063492,0.9747474747474747,,,,,
10,0.0387290641665458,0.975000023841858,41,39,41,39,40,1,1,38,126,0.0430193990468978,1.0,41,39,41,0,0,39,0,,,0,0,0.5,Sample-level,arousal,s08,0.9749843652282677,1.0,,,,,
1,2.001553773880005,0.6000000238418579,80,80,44,116,30,50,14,66,66,0.6610111594200134,0.625,34,126,27,53,7,73,0,,,0,0,0.5,Trial-level,valence,s01,0.5786701777485188,0.5912110373019929,1.0,1.0,trial,32.0,8.0
2,3.4343514442443848,0.518750011920929,100,60,99,61,61,39,38,22,5,0.6911602020263672,0.6312500238418579,155,5,98,2,57,3,0,,,0,0,0.5,Trial-level,valence,s01,0.48835084513476473,0.43046757164404226,1.0,1.0,trial,32.0,8.0
3,1.256835699081421,0.6937500238418579,60,100,89,71,50,10,39,61,70,0.5510591864585876,0.8062499761581421,69,91,49,11,20,80,0,,,0,0,0.5,Trial-level,valence,s01,0.6922956159974881,0.7986931287795771,1.0,1.0,trial,32.0,8.0
4,3.3804750442504883,0.387499988079071,100,60,44,116,23,77,21,39,13,0.6903203129768372,0.6312500238418579,143,17,92,8,51,9,0,,,0,0,0.5,Trial-level,valence,s01,0.38131313131313127,0.49548393992838435,1.0,1.0,trial,32.0,8.0
5,1.9017255306243896,0.71875,80,80,91,69,63,17,28,52,91,0.84144526720047,0.75,96,64,68,12,28,52,0,,,0,0,0.5,Trial-level,valence,s01,0.717414341222183,0.7474747474747474,1.0,1.0,trial,32.0,8.0
1,1.5721979141235352,0.4562500119209289,60,100,93,67,33,27,60,40,1,0.6823590397834778,0.625,0,160,0,60,0,100,0,,,0,0,0.5,Trial-level,valence,s02,0.45520723259363627,0.38461538461538464,1.0,1.0,trial,32.0,8.0
2,1.0402984619140625,0.5562499761581421,80,80,107,53,58,22,49,31,186,1.045574188232422,0.5750000476837158,98,62,55,25,43,37,0,,,0,0,0.5,Trial-level,valence,s02,0.543243134574404,0.5695521443266339,1.0,1.0,trial,32.0,8.0
3,1.869536280632019,0.4250000119209289,60,100,88,72,28,32,60,40,121,0.8840214014053345,0.6499999761581421,16,144,10,50,6,94,0,,,0,0,0.5,Trial-level,valence,s02,0.42174732872407295,0.5168248490077653,1.0,1.0,trial,32.0,8.0
4,1.396306037902832,0.4937500059604645,80,80,65,95,32,48,33,47,86,0.7086204886436462,0.5249999761581421,18,142,11,69,7,73,0,,,0,0,0.5,Trial-level,valence,s02,0.48926108374384236,0.44107372678801254,1.0,1.0,trial,32.0,8.0
5,2.476137161254883,0.4375,80,80,54,106,22,58,32,48,73,0.744693398475647,0.5562499761581421,29,131,19,61,10,70,0,,,0,0,0.5,Trial-level,valence,s02,0.4222436206066442,0.5060654811078742,1.0,1.0,trial,32.0,8.0
1,3.399986982345581,0.3312500119209289,40,120,85,75,9,31,76,44,15,0.6878883838653564,0.762499988079071,14,146,8,32,6,114,0,,,0,0,0.5,Trial-level,valence,s03,0.2976410256410256,0.5767195767195767,1.0,1.0,trial,32.0,8.0
2,3.3002023696899414,0.574999988079071,60,100,28,132,10,50,18,82,1,0.6818599700927734,0.625,0,160,0,60,0,100,0,,,0,0,0.5,Trial-level,valence,s03,0.4670846394984326,0.38461538461538464,1.0,1.0,trial,32.0,8.0
3,2.11047911643982,0.550000011920929,60,100,100,60,44,16,56,44,55,0.6524693369865417,0.6812499761581421,43,117,26,34,17,83,0,,,0,0,0.5,Trial-level,valence,s03,0.55,0.6349156637286922,1.0,1.0,trial,32.0,8.0
4,1.808680534362793,0.581250011920929,120,40,55,105,54,66,1,39,137,0.3437472283840179,0.8937499523162842,105,55,104,16,1,39,0,,,0,0,0.5,Trial-level,valence,s03,0.5775369458128079,0.8727485380116959,1.0,1.0,trial,32.0,8.0
5,2.0539298057556152,0.5562499761581421,80,80,131,29,70,10,61,19,102,1.2839773893356323,0.6000000238418579,124,36,70,10,54,26,0,,,0,0,0.5,Trial-level,valence,s03,0.5060654811078742,0.5672751859364435,1.0,1.0,trial,32.0,8.0
1,1.4626047611236572,0.53125,100,60,105,55,65,35,40,20,1,0.6833109259605408,0.625,160,0,100,0,60,0,0,,,0,0,0.5,Trial-level,valence,s04,0.4909862142099682,0.38461538461538464,1.0,1.0,trial,32.0,8.0
2,1.430540680885315,0.612500011920929,100,60,84,76,61,39,23,37,164,1.0152957439422607,0.6875,112,48,81,19,31,29,0,,,0,0,0.5,Trial-level,valence,s04,0.6035805626598465,0.6505939902166318,1.0,1.0,trial,32.0,8.0
3,2.153403282165528,0.449999988079071,80,80,110,50,51,29,59,21,72,0.8895177245140076,0.512499988079071,154,6,78,2,76,4,0,,,0,0,0.5,Trial-level,valence,s04,0.4299595141700405,0.3798449612403101,1.0,1.0,trial,32.0,8.0
4,0.8541811108589172,0.59375,120,40,87,73,71,49,16,24,95,0.5895241498947144,0.793749988079071,137,23,112,8,25,15,0,,,0,0,0.5,Trial-level,valence,s04,0.5553845496130991,0.673892903464888,1.0,1.0,trial,32.0,8.0
5,0.929489254951477,0.606249988079071,80,80,83,77,50,30,33,47,132,0.6436932682991028,0.6624999642372131,58,102,42,38,16,64,0,,,0,0,0.5,Trial-level,valence,s04,0.6061115235825094,0.6559961777353083,1.0,1.0,trial,32.0,8.0
1,1.89093279838562,0.6499999761581421,80,80,54,106,39,41,15,65,151,1.5891973972320557,0.6875,58,102,44,36,14,66,0,,,0,0,0.5,Trial-level,valence,s05,0.6405071417108008,0.6814779423475075,1.0,1.0,trial,32.0,8.0
2,2.0506510734558105,0.5062500238418579,60,100,63,97,22,38,41,59,1,0.6781362891197205,0.625,0,160,0,60,0,100,0,,,0,0,0.5,Trial-level,valence,s05,0.4783541744046882,0.38461538461538464,1.0,1.0,trial,32.0,8.0
3,0.7806693911552429,0.6937500238418579,20,140,37,123,4,16,33,107,62,0.6429942846298218,0.912500023841858,18,142,12,8,6,134,0,,,0,0,0.5,Trial-level,valence,s05,0.47701954506036953,0.7909667786487495,1.0,1.0,trial,32.0,8.0
4,1.8317420482635496,0.59375,80,80,53,107,34,46,19,61,198,1.7624578475952148,0.6124999523162842,74,86,46,34,28,52,0,,,0,0,0.5,Trial-level,valence,s05,0.5818423063005107,0.6119543107494915,1.0,1.0,trial,32.0,8.0
5,3.9460768699646,0.3875000178813934,80,80,38,122,10,70,28,52,1,0.6949167251586914,0.5,0,160,0,80,0,80,0,,,0,0,0.5,Trial-level,valence,s05,0.34217150528612184,0.3333333333333333,1.0,1.0,trial,32.0,8.0
1,0.6108859777450562,0.875,20,140,4,156,2,18,2,138,113,0.2703538239002228,0.90625,9,151,7,13,2,138,0,,,0,0,0.5,Trial-level,valence,s06,0.5495495495495496,0.715606114468539,1.0,1.0,trial,32.0,8.0
2,2.359686851501465,0.6937500238418579,40,120,9,151,0,40,9,111,1,0.6418527364730835,0.75,0,160,0,40,0,120,0,,,0,0,0.5,Trial-level,valence,s06,0.4095940959409594,0.42857142857142855,1.0,1.0,trial,32.0,8.0
3,0.8412065505981445,0.8062499761581421,20,140,11,149,0,20,11,129,1,0.5891874432563782,0.875,0,160,0,20,0,140,0,,,0,0,0.5,Trial-level,valence,s06,0.4463667820069204,0.4666666666666667,1.0,1.0,trial,32.0,8.0
4,2.94124174118042,0.59375,60,100,5,155,0,60,5,95,119,0.9831809401512146,0.6375000476837158,6,154,4,56,2,98,0,,,0,0,0.5,Trial-level,valence,s06,0.37254901960784315,0.4464328322596039,1.0,1.0,trial,32.0,8.0
5,3.7879369258880615,0.581250011920929,60,100,11,149,2,58,9,91,1,0.6672219038009644,0.625,0,160,0,60,0,100,0,,,0,0,0.5,Trial-level,valence,s06,0.3936308614740653,0.38461538461538464,1.0,1.0,trial,32.0,8.0
1,1.7271901369094849,0.731249988079071,40,120,9,151,3,37,6,114,83,0.5153677463531494,0.7562500238418579,1,159,1,39,0,120,0,,,0,0,0.5,Trial-level,valence,s07,0.4818886964379848,0.4544977707841595,1.0,1.0,trial,32.0,8.0
2,2.2778639793396,0.574999988079071,40,120,38,122,5,35,33,87,1,0.6458411812782288,0.75,0,160,0,40,0,120,0,,,0,0,0.5,Trial-level,valence,s07,0.4236066963339691,0.42857142857142855,1.0,1.0,trial,32.0,8.0
3,3.610730886459351,0.6187499761581421,60,100,11,149,5,55,6,94,84,0.9392558932304382,0.6312500238418579,1,159,1,59,0,100,0,,,0,0,0.5,Trial-level,valence,s07,0.44793257537191017,0.40249382872333694,1.0,1.0,trial,32.0,8.0
4,3.316016674041748,0.6312500238418579,60,100,3,157,2,58,1,99,88,0.8055542707443237,0.6499999761581421,6,154,5,55,1,99,0,,,0,0,0.5,Trial-level,valence,s07,0.41696003952813293,0.4655213552851348,1.0,1.0,trial,32.0,8.0
5,2.134872436523437,0.75,40,120,2,158,1,39,1,119,97,0.5012480020523071,0.762499988079071,14,146,8,32,6,114,0,,,0,0,0.5,Trial-level,valence,s07,0.45186707776635837,0.5767195767195767,1.0,1.0,trial,32.0,8.0
1,2.8027596473693848,0.40625,80,80,111,49,48,32,63,17,78,0.7175838947296143,0.5499999523162842,44,116,26,54,18,62,0,,,0,0,0.5,Trial-level,valence,s08,0.3830918462599943,0.5260039499670837,1.0,1.0,trial,32.0,8.0
2,1.000216364860535,0.7124999761581421,80,80,80,80,57,23,23,57,142,0.8286986947059631,0.7937500476837158,63,97,55,25,8,72,0,,,0,0,0.5,Trial-level,valence,s08,0.7125,0.7913950456323338,1.0,1.0,trial,32.0,8.0
3,3.918056488037109,0.3687500059604645,40,120,75,85,7,33,68,52,9,0.6875512599945068,0.7562500238418579,1,159,1,39,0,120,0,,,0,0,0.5,Trial-level,valence,s08,0.31452810180275714,0.4544977707841595,1.0,1.0,trial,32.0,8.0
4,3.672528743743897,0.4562499821186065,100,60,31,129,22,78,9,51,195,2.406212568283081,0.6000000238418579,88,72,62,38,26,34,0,,,0,0,0.5,Trial-level,valence,s08,0.43778020113897975,0.5873629916183107,1.0,1.0,trial,32.0,8.0
5,2.819120168685913,0.481249988079071,60,100,43,117,10,50,33,67,3,0.6893588900566101,0.637499988079071,10,150,6,54,4,96,0,,,0,0,0.5,Trial-level,valence,s08,0.4058431390094403,0.46971428571428575,1.0,1.0,trial,32.0,8.0
1,3.917041301727295,0.449999988079071,60,100,38,122,5,55,33,67,1,0.6808695793151855,0.625,0,160,0,60,0,100,0,,,0,0,0.5,Trial-level,arousal,s01,0.35282220996506714,0.38461538461538464,1.0,1.0,trial,32.0,8.0
2,3.849173784255981,0.4312500059604645,80,80,79,81,34,46,45,35,1,0.6979905962944031,0.5,0,160,0,80,0,80,0,,,0,0,0.5,Trial-level,arousal,s01,0.4312277823352475,0.3333333333333333,1.0,1.0,trial,32.0,8.0
3,1.5507643222808838,0.643750011920929,60,100,59,101,31,29,28,72,178,1.4925658702850342,0.7124999761581421,42,118,28,32,14,86,0,,,0,0,0.5,Trial-level,arousal,s01,0.6187131569045529,0.6690052167656053,1.0,1.0,trial,32.0,8.0
4,0.7216780781745911,0.7875000238418579,40,120,26,134,16,24,10,110,196,0.8528319597244263,0.8062499761581421,19,141,14,26,5,115,0,,,0,0,0.5,Trial-level,arousal,s01,0.6754951085659747,0.6779011624131437,1.0,1.0,trial,32.0,8.0
5,3.028143405914306,0.5375000238418579,80,80,30,130,18,62,12,68,192,2.1113176345825195,0.6000000238418579,56,104,36,44,20,60,0,,,0,0,0.5,Trial-level,arousal,s01,0.48744588744588746,0.5907928388746804,1.0,1.0,trial,32.0,8.0
1,1.4666619300842283,0.5874999761581421,80,80,70,90,42,38,28,52,136,0.7911492586135864,0.612500011920929,100,60,59,21,41,39,0,,,0,0,0.5,Trial-level,arousal,s02,0.5858823529411765,0.6063492063492064,1.0,1.0,trial,32.0,8.0
2,2.640949249267578,0.3687500059604645,60,100,85,75,22,38,63,37,74,0.6978322863578796,0.6312500238418579,5,155,3,57,2,98,0,,,0,0,0.5,Trial-level,arousal,s02,0.3631527093596059,0.43046757164404226,1.0,1.0,trial,32.0,8.0
3,1.0716145038604736,0.65625,40,120,31,129,8,32,23,97,1,0.6726136803627014,0.75,0,160,0,40,0,120,0,,,0,0,0.5,Trial-level,arousal,s02,0.5022342892697551,0.42857142857142855,1.0,1.0,trial,32.0,8.0
4,1.9083889722824097,0.46875,60,100,57,103,16,44,41,59,1,0.6759584546089172,0.625,0,160,0,60,0,100,0,,,0,0,0.5,Trial-level,arousal,s02,0.4273925308408067,0.38461538461538464,1.0,1.0,trial,32.0,8.0
5,1.18938946723938,0.65625,80,80,41,119,33,47,8,72,183,0.909311056137085,0.699999988079071,68,92,50,30,18,62,0,,,0,0,0.5,Trial-level,arousal,s02,0.6345363179534034,0.6983029541169076,1.0,1.0,trial,32.0,8.0
1,1.4759668111801147,0.7999999523162842,140,20,148,12,128,12,20,0,1,0.6278961896896362,0.875,160,0,140,0,20,0,0,,,0,0,0.5,Trial-level,arousal,s03,0.4444444444444444,0.4666666666666667,1.0,1.0,trial,32.0,8.0
2,3.103759288787842,0.737500011920929,120,40,158,2,118,2,40,0,1,0.6254265904426575,0.75,160,0,120,0,40,0,0,,,0,0,0.5,Trial-level,arousal,s03,0.4244604316546763,0.42857142857142855,1.0,1.0,trial,32.0,8.0
3,2.1004064083099365,0.6937500238418579,140,20,131,29,111,29,20,0,1,0.5814739465713501,0.875,160,0,140,0,20,0,0,,,0,0,0.5,Trial-level,arousal,s03,0.4095940959409594,0.4666666666666667,1.0,1.0,trial,32.0,8.0
4,3.002239942550659,0.737500011920929,120,40,158,2,118,2,40,0,1,0.6241090297698975,0.75,160,0,120,0,40,0,0,,,0,0,0.5,Trial-level,arousal,s03,0.4244604316546763,0.42857142857142855,1.0,1.0,trial,32.0,8.0
5,2.842957735061645,0.75,120,40,160,0,120,0,40,0,1,0.6373072862625122,0.75,160,0,120,0,40,0,0,,,0,0,0.5,Trial-level,arousal,s03,0.42857142857142855,0.42857142857142855,1.0,1.0,trial,32.0,8.0
1,3.026083946228028,0.4000000059604645,60,100,110,50,37,23,73,27,199,3.723215579986572,0.4312499761581421,131,29,50,10,81,19,0,,,0,0,0.5,Trial-level,arousal,s04,0.3976470588235294,0.4090669264174682,1.0,1.0,trial,32.0,8.0
2,1.2735930681228638,0.625,120,40,88,72,74,46,14,26,2,0.6724822521209717,0.75,160,0,120,0,40,0,0,,,0,0,0.5,Trial-level,arousal,s04,0.5879120879120879,0.42857142857142855,1.0,1.0,trial,32.0,8.0
3,1.5506494045257568,0.6499999761581421,100,60,130,30,87,13,43,17,63,0.6128105521202087,0.7125000357627869,126,34,90,10,36,24,0,,,0,0,0.5,Trial-level,arousal,s04,0.5671497584541063,0.6535492374317454,1.0,1.0,trial,32.0,8.0
4,2.1928343772888184,0.4937499761581421,120,40,69,91,54,66,15,25,46,0.6495134234428406,0.768750011920929,157,3,120,0,37,3,0,,,0,0,0.5,Trial-level,arousal,s04,0.47655398037077423,0.5029804382503568,1.0,1.0,trial,32.0,8.0
5,1.449750900268555,0.6812499761581421,80,80,121,39,75,5,46,34,65,0.6808589696884155,0.7437499761581421,119,41,79,1,40,40,0,,,0,0,0.5,Trial-level,arousal,s04,0.6588486140724947,0.7275634370198099,1.0,1.0,trial,32.0,8.0
1,3.410675287246704,0.3625000119209289,140,20,38,122,38,102,0,20,177,1.4117071628570557,0.6124999523162842,90,70,84,56,6,14,0,,,0,0,0.5,Trial-level,arousal,s05,0.35432821648995094,0.5207729468599034,1.0,1.0,trial,32.0,8.0
2,2.2716426849365234,0.3687500059604645,100,60,57,103,28,72,29,31,35,0.6920243501663208,0.625,160,0,100,0,60,0,0,,,0,0,0.5,Trial-level,arousal,s05,0.36852799812434056,0.38461538461538464,1.0,1.0,trial,32.0,8.0
3,1.5374932289123535,0.4312500357627868,80,80,93,67,41,39,52,28,97,0.7035812139511108,0.5499999523162842,146,14,77,3,69,11,0,,,0,0,0.5,Trial-level,arousal,s05,0.42747041012936965,0.45772924119751457,1.0,1.0,trial,32.0,8.0
4,4.1435651779174805,0.2000000178813934,20,140,110,50,1,19,109,31,141,2.2131800651550293,0.3499999940395355,84,76,0,20,84,56,0,,,0,0,0.5,Trial-level,arousal,s05,0.1708502024291498,0.25925925925925924,1.0,1.0,trial,32.0,8.0
5,1.7206401824951172,0.5437500476837158,80,80,109,51,58,22,51,29,162,1.3269593715667725,0.6187499761581421,115,45,67,13,48,32,0,,,0,0,0.5,Trial-level,arousal,s05,0.5282523526798336,0.5995897435897436,1.0,1.0,trial,32.0,8.0
1,1.7959611415863037,0.5062500238418579,100,60,51,109,36,64,15,45,80,0.6360165476799011,0.7124999761581421,118,42,86,14,32,28,0,,,0,0,0.5,Trial-level,arousal,s06,0.5046827853756025,0.6690052167656053,1.0,1.0,trial,32.0,8.0
2,2.204801321029663,0.5,80,80,94,66,47,33,47,33,82,0.7261991500854492,0.6000000238418579,142,18,79,1,63,17,0,,,0,0,0.5,Trial-level,arousal,s06,0.49614233978900957,0.5293252436109579,1.0,1.0,trial,32.0,8.0
3,2.1035051345825195,0.5,100,60,98,62,59,41,39,21,70,0.6655009984970093,0.7124999761581421,128,32,91,9,37,23,0,,,0,0,0.5,Trial-level,arousal,s06,0.4701109455207816,0.6491228070175439,1.0,1.0,trial,32.0,8.0
4,1.926805019378662,0.53125,80,80,91,69,48,32,43,37,183,1.5884337425231934,0.5687500238418579,81,79,46,34,35,45,0,,,0,0,0.5,Trial-level,arousal,s06,0.5290239020369716,0.568733153638814,1.0,1.0,trial,32.0,8.0
5,2.219196319580078,0.46875,100,60,47,113,31,69,16,44,1,0.6840763092041016,0.625,160,0,100,0,60,0,0,,,0,0,0.5,Trial-level,arousal,s06,0.46521961385710353,0.38461538461538464,1.0,1.0,trial,32.0,8.0
1,3.68912410736084,0.4625000059604645,80,80,34,126,14,66,20,60,1,0.6940978169441223,0.5,0,160,0,80,0,80,0,,,0,0,0.5,Trial-level,arousal,s07,0.4140691534661897,0.3333333333333333,1.0,1.0,trial,32.0,8.0
2,1.691591501235962,0.668749988079071,40,120,21,139,4,36,17,103,1,0.6802817583084106,0.75,0,160,0,40,0,120,0,,,0,0,0.5,Trial-level,arousal,s07,0.46325716817520096,0.42857142857142855,1.0,1.0,trial,32.0,8.0
3,4.000253200531006,0.356249988079071,80,80,31,129,4,76,27,53,1,0.6947582364082336,0.5,0,160,0,80,0,80,0,,,0,0,0.5,Trial-level,arousal,s07,0.28962455278244753,0.3333333333333333,1.0,1.0,trial,32.0,8.0
4,1.0923354625701904,0.71875,40,120,13,147,4,36,9,111,1,0.6676537394523621,0.75,0,160,0,40,0,120,0,,,0,0,0.5,Trial-level,arousal,s07,0.49120203519185923,0.42857142857142855,1.0,1.0,trial,32.0,8.0
5,1.5210678577423096,0.550000011920929,60,100,46,114,17,43,29,71,1,0.6711249351501465,0.625,0,160,0,60,0,100,0,,,0,0,0.5,Trial-level,arousal,s07,0.4921530594251454,0.38461538461538464,1.0,1.0,trial,32.0,8.0
1,5.069202423095703,0.3000000119209289,100,60,28,132,8,92,20,40,53,0.9066184759140016,0.387499988079071,4,156,3,97,1,59,0,,,0,0,0.5,Trial-level,arousal,s08,0.27083333333333337,0.301994301994302,1.0,1.0,trial,32.0,8.0
2,3.1901912689208984,0.4125000238418579,60,100,54,106,10,50,44,56,1,0.6836674213409424,0.625,0,160,0,60,0,100,0,,,0,0,0.5,Trial-level,arousal,s08,0.3595639584397888,0.38461538461538464,1.0,1.0,trial,32.0,8.0
3,1.7102534770965576,0.637499988079071,60,100,62,98,32,28,30,70,148,1.5785629749298096,0.668749988079071,63,97,35,25,28,72,0,,,0,0,0.5,Trial-level,arousal,s08,0.6158304355025667,0.6500350790309933,1.0,1.0,trial,32.0,8.0
4,1.1285823583602903,0.731249988079071,40,120,39,121,18,22,21,99,65,0.6625575423240662,0.7875000238418579,22,138,14,26,8,112,0,,,0,0,0.5,Trial-level,arousal,s08,0.6386364830085614,0.6599149787446862,1.0,1.0,trial,32.0,8.0
5,3.9345624446868896,0.3187499940395355,80,80,55,105,13,67,42,38,1,0.694689154624939,0.5,0,160,0,80,0,80,0,,,0,0,0.5,Trial-level,arousal,s08,0.30170170170170174,0.3333333333333333,1.0,1.0,trial,32.0,8.0
